--
-- PostgreSQL database dump
--

\restrict HEmLvMXd2SicVsscrGT309SiliBXe5Duidxi5hgDg8O7JM5mz6UX6p8uXIrWeHO

-- Dumped from database version 16.10 (Debian 16.10-1.pgdg13+1)
-- Dumped by pg_dump version 16.10 (Debian 16.10-1.pgdg13+1)

SET statement_timeout = 0;
SET lock_timeout = 0;
SET idle_in_transaction_session_timeout = 0;
SET client_encoding = 'UTF8';
SET standard_conforming_strings = on;
SELECT pg_catalog.set_config('search_path', '', false);
SET check_function_bodies = false;
SET xmloption = content;
SET client_min_messages = warning;
SET row_security = off;

SET default_tablespace = '';

SET default_table_access_method = heap;

--
-- Name: auth_group; Type: TABLE; Schema: public; Owner: library_user
--

CREATE TABLE public.auth_group (
    id integer NOT NULL,
    name character varying(150) NOT NULL
);


ALTER TABLE public.auth_group OWNER TO library_user;

--
-- Name: auth_group_id_seq; Type: SEQUENCE; Schema: public; Owner: library_user
--

ALTER TABLE public.auth_group ALTER COLUMN id ADD GENERATED BY DEFAULT AS IDENTITY (
    SEQUENCE NAME public.auth_group_id_seq
    START WITH 1
    INCREMENT BY 1
    NO MINVALUE
    NO MAXVALUE
    CACHE 1
);


--
-- Name: auth_group_permissions; Type: TABLE; Schema: public; Owner: library_user
--

CREATE TABLE public.auth_group_permissions (
    id bigint NOT NULL,
    group_id integer NOT NULL,
    permission_id integer NOT NULL
);


ALTER TABLE public.auth_group_permissions OWNER TO library_user;

--
-- Name: auth_group_permissions_id_seq; Type: SEQUENCE; Schema: public; Owner: library_user
--

ALTER TABLE public.auth_group_permissions ALTER COLUMN id ADD GENERATED BY DEFAULT AS IDENTITY (
    SEQUENCE NAME public.auth_group_permissions_id_seq
    START WITH 1
    INCREMENT BY 1
    NO MINVALUE
    NO MAXVALUE
    CACHE 1
);


--
-- Name: auth_permission; Type: TABLE; Schema: public; Owner: library_user
--

CREATE TABLE public.auth_permission (
    id integer NOT NULL,
    name character varying(255) NOT NULL,
    content_type_id integer NOT NULL,
    codename character varying(100) NOT NULL
);


ALTER TABLE public.auth_permission OWNER TO library_user;

--
-- Name: auth_permission_id_seq; Type: SEQUENCE; Schema: public; Owner: library_user
--

ALTER TABLE public.auth_permission ALTER COLUMN id ADD GENERATED BY DEFAULT AS IDENTITY (
    SEQUENCE NAME public.auth_permission_id_seq
    START WITH 1
    INCREMENT BY 1
    NO MINVALUE
    NO MAXVALUE
    CACHE 1
);


--
-- Name: auth_user; Type: TABLE; Schema: public; Owner: library_user
--

CREATE TABLE public.auth_user (
    id integer NOT NULL,
    password character varying(128) NOT NULL,
    last_login timestamp with time zone,
    is_superuser boolean NOT NULL,
    username character varying(150) NOT NULL,
    first_name character varying(150) NOT NULL,
    last_name character varying(150) NOT NULL,
    email character varying(254) NOT NULL,
    is_staff boolean NOT NULL,
    is_active boolean NOT NULL,
    date_joined timestamp with time zone NOT NULL
);


ALTER TABLE public.auth_user OWNER TO library_user;

--
-- Name: auth_user_groups; Type: TABLE; Schema: public; Owner: library_user
--

CREATE TABLE public.auth_user_groups (
    id bigint NOT NULL,
    user_id integer NOT NULL,
    group_id integer NOT NULL
);


ALTER TABLE public.auth_user_groups OWNER TO library_user;

--
-- Name: auth_user_groups_id_seq; Type: SEQUENCE; Schema: public; Owner: library_user
--

ALTER TABLE public.auth_user_groups ALTER COLUMN id ADD GENERATED BY DEFAULT AS IDENTITY (
    SEQUENCE NAME public.auth_user_groups_id_seq
    START WITH 1
    INCREMENT BY 1
    NO MINVALUE
    NO MAXVALUE
    CACHE 1
);


--
-- Name: auth_user_id_seq; Type: SEQUENCE; Schema: public; Owner: library_user
--

ALTER TABLE public.auth_user ALTER COLUMN id ADD GENERATED BY DEFAULT AS IDENTITY (
    SEQUENCE NAME public.auth_user_id_seq
    START WITH 1
    INCREMENT BY 1
    NO MINVALUE
    NO MAXVALUE
    CACHE 1
);


--
-- Name: auth_user_user_permissions; Type: TABLE; Schema: public; Owner: library_user
--

CREATE TABLE public.auth_user_user_permissions (
    id bigint NOT NULL,
    user_id integer NOT NULL,
    permission_id integer NOT NULL
);


ALTER TABLE public.auth_user_user_permissions OWNER TO library_user;

--
-- Name: auth_user_user_permissions_id_seq; Type: SEQUENCE; Schema: public; Owner: library_user
--

ALTER TABLE public.auth_user_user_permissions ALTER COLUMN id ADD GENERATED BY DEFAULT AS IDENTITY (
    SEQUENCE NAME public.auth_user_user_permissions_id_seq
    START WITH 1
    INCREMENT BY 1
    NO MINVALUE
    NO MAXVALUE
    CACHE 1
);


--
-- Name: django_admin_log; Type: TABLE; Schema: public; Owner: library_user
--

CREATE TABLE public.django_admin_log (
    id integer NOT NULL,
    action_time timestamp with time zone NOT NULL,
    object_id text,
    object_repr character varying(200) NOT NULL,
    action_flag smallint NOT NULL,
    change_message text NOT NULL,
    content_type_id integer,
    user_id integer NOT NULL,
    CONSTRAINT django_admin_log_action_flag_check CHECK ((action_flag >= 0))
);


ALTER TABLE public.django_admin_log OWNER TO library_user;

--
-- Name: django_admin_log_id_seq; Type: SEQUENCE; Schema: public; Owner: library_user
--

ALTER TABLE public.django_admin_log ALTER COLUMN id ADD GENERATED BY DEFAULT AS IDENTITY (
    SEQUENCE NAME public.django_admin_log_id_seq
    START WITH 1
    INCREMENT BY 1
    NO MINVALUE
    NO MAXVALUE
    CACHE 1
);


--
-- Name: django_content_type; Type: TABLE; Schema: public; Owner: library_user
--

CREATE TABLE public.django_content_type (
    id integer NOT NULL,
    app_label character varying(100) NOT NULL,
    model character varying(100) NOT NULL
);


ALTER TABLE public.django_content_type OWNER TO library_user;

--
-- Name: django_content_type_id_seq; Type: SEQUENCE; Schema: public; Owner: library_user
--

ALTER TABLE public.django_content_type ALTER COLUMN id ADD GENERATED BY DEFAULT AS IDENTITY (
    SEQUENCE NAME public.django_content_type_id_seq
    START WITH 1
    INCREMENT BY 1
    NO MINVALUE
    NO MAXVALUE
    CACHE 1
);


--
-- Name: django_migrations; Type: TABLE; Schema: public; Owner: library_user
--

CREATE TABLE public.django_migrations (
    id bigint NOT NULL,
    app character varying(255) NOT NULL,
    name character varying(255) NOT NULL,
    applied timestamp with time zone NOT NULL
);


ALTER TABLE public.django_migrations OWNER TO library_user;

--
-- Name: django_migrations_id_seq; Type: SEQUENCE; Schema: public; Owner: library_user
--

ALTER TABLE public.django_migrations ALTER COLUMN id ADD GENERATED BY DEFAULT AS IDENTITY (
    SEQUENCE NAME public.django_migrations_id_seq
    START WITH 1
    INCREMENT BY 1
    NO MINVALUE
    NO MAXVALUE
    CACHE 1
);


--
-- Name: django_session; Type: TABLE; Schema: public; Owner: library_user
--

CREATE TABLE public.django_session (
    session_key character varying(40) NOT NULL,
    session_data text NOT NULL,
    expire_date timestamp with time zone NOT NULL
);


ALTER TABLE public.django_session OWNER TO library_user;

--
-- Name: library_app_author; Type: TABLE; Schema: public; Owner: library_user
--

CREATE TABLE public.library_app_author (
    id bigint NOT NULL,
    name character varying(100) NOT NULL,
    bio text NOT NULL
);


ALTER TABLE public.library_app_author OWNER TO library_user;

--
-- Name: library_app_author_id_seq; Type: SEQUENCE; Schema: public; Owner: library_user
--

ALTER TABLE public.library_app_author ALTER COLUMN id ADD GENERATED BY DEFAULT AS IDENTITY (
    SEQUENCE NAME public.library_app_author_id_seq
    START WITH 1
    INCREMENT BY 1
    NO MINVALUE
    NO MAXVALUE
    CACHE 1
);


--
-- Name: library_app_book; Type: TABLE; Schema: public; Owner: library_user
--

CREATE TABLE public.library_app_book (
    id bigint NOT NULL,
    title character varying(200) NOT NULL,
    year integer NOT NULL,
    isbn character varying(17) NOT NULL,
    description text NOT NULL,
    available boolean NOT NULL,
    author_id bigint NOT NULL
);


ALTER TABLE public.library_app_book OWNER TO library_user;

--
-- Name: library_app_book_genre; Type: TABLE; Schema: public; Owner: library_user
--

CREATE TABLE public.library_app_book_genre (
    id bigint NOT NULL,
    book_id bigint NOT NULL,
    genre_id bigint NOT NULL
);


ALTER TABLE public.library_app_book_genre OWNER TO library_user;

--
-- Name: library_app_book_genre_id_seq; Type: SEQUENCE; Schema: public; Owner: library_user
--

ALTER TABLE public.library_app_book_genre ALTER COLUMN id ADD GENERATED BY DEFAULT AS IDENTITY (
    SEQUENCE NAME public.library_app_book_genre_id_seq
    START WITH 1
    INCREMENT BY 1
    NO MINVALUE
    NO MAXVALUE
    CACHE 1
);


--
-- Name: library_app_book_id_seq; Type: SEQUENCE; Schema: public; Owner: library_user
--

ALTER TABLE public.library_app_book ALTER COLUMN id ADD GENERATED BY DEFAULT AS IDENTITY (
    SEQUENCE NAME public.library_app_book_id_seq
    START WITH 1
    INCREMENT BY 1
    NO MINVALUE
    NO MAXVALUE
    CACHE 1
);


--
-- Name: library_app_borrowing; Type: TABLE; Schema: public; Owner: library_user
--

CREATE TABLE public.library_app_borrowing (
    id bigint NOT NULL,
    reader_name character varying(100) NOT NULL,
    reader_email character varying(254) NOT NULL,
    borrowed_at timestamp with time zone NOT NULL,
    returned_at timestamp with time zone,
    book_id bigint NOT NULL
);


ALTER TABLE public.library_app_borrowing OWNER TO library_user;

--
-- Name: library_app_borrowing_id_seq; Type: SEQUENCE; Schema: public; Owner: library_user
--

ALTER TABLE public.library_app_borrowing ALTER COLUMN id ADD GENERATED BY DEFAULT AS IDENTITY (
    SEQUENCE NAME public.library_app_borrowing_id_seq
    START WITH 1
    INCREMENT BY 1
    NO MINVALUE
    NO MAXVALUE
    CACHE 1
);


--
-- Name: library_app_genre; Type: TABLE; Schema: public; Owner: library_user
--

CREATE TABLE public.library_app_genre (
    id bigint NOT NULL,
    name character varying(100) NOT NULL
);


ALTER TABLE public.library_app_genre OWNER TO library_user;

--
-- Name: library_app_genre_id_seq; Type: SEQUENCE; Schema: public; Owner: library_user
--

ALTER TABLE public.library_app_genre ALTER COLUMN id ADD GENERATED BY DEFAULT AS IDENTITY (
    SEQUENCE NAME public.library_app_genre_id_seq
    START WITH 1
    INCREMENT BY 1
    NO MINVALUE
    NO MAXVALUE
    CACHE 1
);


--
-- Data for Name: auth_group; Type: TABLE DATA; Schema: public; Owner: library_user
--

COPY public.auth_group (id, name) FROM stdin;
1	Librarians
\.


--
-- Data for Name: auth_group_permissions; Type: TABLE DATA; Schema: public; Owner: library_user
--

COPY public.auth_group_permissions (id, group_id, permission_id) FROM stdin;
1	1	32
2	1	33
3	1	34
4	1	35
5	1	36
6	1	37
7	1	38
8	1	39
9	1	40
10	1	25
11	1	26
12	1	27
13	1	28
14	1	29
15	1	30
16	1	31
\.


--
-- Data for Name: auth_permission; Type: TABLE DATA; Schema: public; Owner: library_user
--

COPY public.auth_permission (id, name, content_type_id, codename) FROM stdin;
1	Can add log entry	1	add_logentry
2	Can change log entry	1	change_logentry
3	Can delete log entry	1	delete_logentry
4	Can view log entry	1	view_logentry
5	Can add permission	2	add_permission
6	Can change permission	2	change_permission
7	Can delete permission	2	delete_permission
8	Can view permission	2	view_permission
9	Can add group	3	add_group
10	Can change group	3	change_group
11	Can delete group	3	delete_group
12	Can view group	3	view_group
13	Can add user	4	add_user
14	Can change user	4	change_user
15	Can delete user	4	delete_user
16	Can view user	4	view_user
17	Can add content type	5	add_contenttype
18	Can change content type	5	change_contenttype
19	Can delete content type	5	delete_contenttype
20	Can view content type	5	view_contenttype
21	Can add session	6	add_session
22	Can change session	6	change_session
23	Can delete session	6	delete_session
24	Can view session	6	view_session
25	Can add Автор	7	add_author
26	Can change Автор	7	change_author
27	Can delete Автор	7	delete_author
28	Can view Автор	7	view_author
29	Can add Книга	8	add_book
30	Can change Книга	8	change_book
31	Can delete Книга	8	delete_book
32	Can view Книга	8	view_book
33	Can add Жанры	9	add_genre
34	Can change Жанры	9	change_genre
35	Can delete Жанры	9	delete_genre
36	Can view Жанры	9	view_genre
37	Can add Выдача книги	10	add_borrowing
38	Can change Выдача книги	10	change_borrowing
39	Can delete Выдача книги	10	delete_borrowing
40	Can view Выдача книги	10	view_borrowing
\.


--
-- Data for Name: auth_user; Type: TABLE DATA; Schema: public; Owner: library_user
--

COPY public.auth_user (id, password, last_login, is_superuser, username, first_name, last_name, email, is_staff, is_active, date_joined) FROM stdin;
2	pbkdf2_sha256$1000000$UZ6BffKQHrenrV6uMhdTKm$GZnLOPGlRceKK/nfUrZ95nHLTXQQ1l0dFlONaBu19lE=	\N	f	Ivan	Ivan	Ivanov	Ivanov@mail.ru	t	t	2025-10-15 11:04:42+00
1	pbkdf2_sha256$1000000$2pa0q2VdqwQAPM1IYrThTP$Pwusfl/YKMqTIJVO/n+DdEtP2WWl632NIMV0eIzpglA=	2025-10-21 13:52:14.960129+00	t	admin			admin123@mail.ru	t	t	2025-10-15 10:59:11.384411+00
3	pbkdf2_sha256$1000000$6OsiG2rurR7i44EFedvwE6$arlrwGK38fOYRyFfOUAEGH66o4SJOhXbv9N5F1kO/sg=	2025-10-26 14:49:15.011127+00	f	Masha	Masha	Sidorova	Sidorova@mail.ru	t	t	2025-10-16 11:40:54+00
\.


--
-- Data for Name: auth_user_groups; Type: TABLE DATA; Schema: public; Owner: library_user
--

COPY public.auth_user_groups (id, user_id, group_id) FROM stdin;
1	2	1
2	3	1
\.


--
-- Data for Name: auth_user_user_permissions; Type: TABLE DATA; Schema: public; Owner: library_user
--

COPY public.auth_user_user_permissions (id, user_id, permission_id) FROM stdin;
\.


--
-- Data for Name: django_admin_log; Type: TABLE DATA; Schema: public; Owner: library_user
--

COPY public.django_admin_log (id, action_time, object_id, object_repr, action_flag, change_message, content_type_id, user_id) FROM stdin;
1	2025-10-15 10:59:48.980427+00	1	Классика	1	[{"added": {}}]	9	1
2	2025-10-15 11:00:03.895324+00	2	Фэнтези	1	[{"added": {}}]	9	1
3	2025-10-15 11:00:10.422736+00	3	Приключения	1	[{"added": {}}]	9	1
4	2025-10-15 11:00:51.640482+00	1	Лев Николаевич Толстой	1	[{"added": {}}]	7	1
5	2025-10-15 11:01:28.239482+00	2	Джоан Роулинг	1	[{"added": {}}]	7	1
6	2025-10-15 11:01:47.902515+00	3	Джек Лондон	1	[{"added": {}}]	7	1
7	2025-10-15 11:02:29.742361+00	1	Гарри Поттер и философский камень	1	[{"added": {}}]	8	1
8	2025-10-15 11:03:04.722956+00	2	Белый Клык	1	[{"added": {}}]	8	1
9	2025-10-15 11:03:33.276119+00	3	Анна Каренина	1	[{"added": {}}]	8	1
10	2025-10-15 11:03:54.056407+00	4	Война и мир	1	[{"added": {}}]	8	1
11	2025-10-15 11:04:21.622803+00	1	Librarians	1	[{"added": {}}]	3	1
12	2025-10-15 11:04:42.666619+00	2	Ivan	1	[{"added": {}}]	4	1
13	2025-10-15 11:05:11.71157+00	2	Ivan	2	[{"changed": {"fields": ["First name", "Last name", "Email address", "Staff status", "Groups"]}}]	4	1
14	2025-10-16 11:40:54.902016+00	3	Masha	1	[{"added": {}}]	4	1
15	2025-10-16 11:41:33.423428+00	3	Masha	2	[{"changed": {"fields": ["First name", "Last name", "Email address", "Staff status", "Groups", "Last login"]}}]	4	1
47	2025-10-16 11:55:39.909089+00	4	Тургенев Иван Сергеевич	1	[{"added": {}}]	7	3
48	2025-10-16 11:56:00.350647+00	5	Гончаров Иван Александрович	1	[{"added": {}}]	7	3
49	2025-10-16 11:56:18.45545+00	6	Пушкин Александр Сергеевич	1	[{"added": {}}]	7	3
50	2025-10-16 11:56:29.6625+00	7	Лермонтов Михаил Юрьевич	1	[{"added": {}}]	7	3
51	2025-10-16 11:56:41.698619+00	8	Булгаков Михаил Афанасьевич	1	[{"added": {}}]	7	3
52	2025-10-16 11:56:53.205321+00	9	Брэм Стокер	1	[{"added": {}}]	7	3
53	2025-10-16 11:57:07.763589+00	10	Шекспир	1	[{"added": {}}]	7	3
54	2025-10-16 11:57:20.052722+00	11	Агата Кристи	1	[{"added": {}}]	7	3
55	2025-10-16 11:57:33.429775+00	4	Зарубежная литература	1	[{"added": {}}]	9	3
56	2025-10-16 11:57:44.490683+00	5	Роман	1	[{"added": {}}]	9	3
57	2025-10-16 11:57:52.143015+00	6	Путешествия	1	[{"added": {}}]	9	3
58	2025-10-16 11:58:01.407585+00	7	Сатира	1	[{"added": {}}]	9	3
59	2025-10-16 12:01:19.929253+00	5	Отцы и дети	1	[{"added": {}}]	8	3
60	2025-10-16 12:01:52.656907+00	6	Записки охотника	1	[{"added": {}}]	8	3
61	2025-10-16 12:02:48.159477+00	7	Дракула	1	[{"added": {}}]	8	3
62	2025-10-16 12:03:07.344558+00	8	Детектив	1	[{"added": {}}]	9	3
63	2025-10-16 12:03:43.002468+00	8	Десять негритят	1	[{"added": {}}]	8	3
64	2025-10-16 12:04:17.742021+00	9	Убийство в восточном экспрессе	1	[{"added": {}}]	8	3
65	2025-10-16 12:04:52.533488+00	10	Евгений Онегин	1	[{"added": {}}]	8	3
66	2025-10-16 12:05:19.855467+00	11	Герой нашего времени	1	[{"added": {}}]	8	3
67	2025-10-16 12:05:43.736641+00	12	Обломов	1	[{"added": {}}]	8	3
68	2025-10-16 12:06:10.535118+00	13	Обрыв	1	[{"added": {}}]	8	3
69	2025-10-17 08:48:10.259063+00	1	Гарри Поттер и философский камень -> Сидоров Иван	1	[{"added": {}}]	10	3
70	2025-10-17 10:17:20.192404+00	2	Белый Клык -> Саша Иванов	1	[{"added": {}}]	10	3
71	2025-10-17 10:33:51.463735+00	3	Война и мир -> Дарья Васильева	1	[{"added": {}}]	10	3
72	2025-10-17 10:36:08.425145+00	4	Отцы и дети -> Юля Николаева	1	[{"added": {}}]	10	3
73	2025-10-17 10:44:52.462174+00	3	Война и мир -> Дарья Васильева	3		10	3
74	2025-10-17 10:49:42.673622+00	1	Гарри Поттер и философский камень -> Сидоров Иван	3		10	3
75	2025-10-17 10:49:46.960859+00	2	Белый Клык -> Саша Иванов	3		10	3
76	2025-10-17 10:49:51.223775+00	4	Отцы и дети -> Юля Николаева	3		10	3
77	2025-10-17 10:50:02.695269+00	5	Записки охотника -> Сидоров Иван	1	[{"added": {}}]	10	3
78	2025-10-17 10:54:24.279085+00	5	Гарри Поттер и философский камень -> Сидоров Иван	2	[{"changed": {"fields": ["\\u041a\\u043d\\u0438\\u0433\\u0430"]}}]	10	3
79	2025-10-21 13:38:29.989828+00	6	Война и мир -> Саша Иванов	1	[{"added": {}}]	10	3
80	2025-10-26 14:50:19.094887+00	14	Мастер и Маргарита	1	[{"added": {}}]	8	3
\.


--
-- Data for Name: django_content_type; Type: TABLE DATA; Schema: public; Owner: library_user
--

COPY public.django_content_type (id, app_label, model) FROM stdin;
1	admin	logentry
2	auth	permission
3	auth	group
4	auth	user
5	contenttypes	contenttype
6	sessions	session
7	library_app	author
8	library_app	book
9	library_app	genre
10	library_app	borrowing
\.


--
-- Data for Name: django_migrations; Type: TABLE DATA; Schema: public; Owner: library_user
--

COPY public.django_migrations (id, app, name, applied) FROM stdin;
1	contenttypes	0001_initial	2025-10-15 10:56:54.957855+00
2	auth	0001_initial	2025-10-15 10:56:55.061455+00
3	admin	0001_initial	2025-10-15 10:56:55.088666+00
4	admin	0002_logentry_remove_auto_add	2025-10-15 10:56:55.100882+00
5	admin	0003_logentry_add_action_flag_choices	2025-10-15 10:56:55.143437+00
6	contenttypes	0002_remove_content_type_name	2025-10-15 10:56:55.16733+00
7	auth	0002_alter_permission_name_max_length	2025-10-15 10:56:55.178725+00
8	auth	0003_alter_user_email_max_length	2025-10-15 10:56:55.189671+00
9	auth	0004_alter_user_username_opts	2025-10-15 10:56:55.199314+00
10	auth	0005_alter_user_last_login_null	2025-10-15 10:56:55.212225+00
11	auth	0006_require_contenttypes_0002	2025-10-15 10:56:55.214862+00
12	auth	0007_alter_validators_add_error_messages	2025-10-15 10:56:55.226725+00
13	auth	0008_alter_user_username_max_length	2025-10-15 10:56:55.24936+00
14	auth	0009_alter_user_last_name_max_length	2025-10-15 10:56:55.259592+00
15	auth	0010_alter_group_name_max_length	2025-10-15 10:56:55.272344+00
16	auth	0011_update_proxy_permissions	2025-10-15 10:56:55.28343+00
17	auth	0012_alter_user_first_name_max_length	2025-10-15 10:56:55.295467+00
18	library_app	0001_initial	2025-10-15 10:56:55.33095+00
19	sessions	0001_initial	2025-10-15 10:56:55.349664+00
20	library_app	0002_genre_remove_book_genre_borrowing_book_genre	2025-10-15 10:58:19.240617+00
\.


--
-- Data for Name: django_session; Type: TABLE DATA; Schema: public; Owner: library_user
--

COPY public.django_session (session_key, session_data, expire_date) FROM stdin;
udp77nis8q4ny0x6twug1nqaw34vkv0p	.eJxVjEEOgjAQRe_StWmw0ymtS_ecgcxMR4saSCisjHcXEha6_e-9_zY9rUvp16pzP2RzMWBOvxuTPHXcQX7QeJ-sTOMyD2x3xR602m7K-roe7t9BoVq2Gp0EYgSI2iogtaiiZ0oQowdBhCZ4lCQQPN1iZK-b3WTHkV2SJpvPF9n5N9Y:1vBTBC:2TBii8XrY8mbMFczqVSeZbajmOOpfv8mz6bgBphqt1U	2025-11-05 07:22:42.167091+00
\.


--
-- Data for Name: library_app_author; Type: TABLE DATA; Schema: public; Owner: library_user
--

COPY public.library_app_author (id, name, bio) FROM stdin;
1	Лев Николаевич Толстой	Один из величайших русских писателей XIX века, представитель реализма. Писал в эпоху социальных потрясений и стремился через литературу выразить истину о человеке, обществе и морали. Его проза отличается психологической глубиной, эпическим размахом и философской насыщенностью. Толстой сыграл ключевую роль в развитии мирового реализма и оказал влияние на последующие поколения писателей и мыслителей.
2	Джоан Роулинг	Британская писательница, ставшая всемирно известной благодаря серии книг о Гарри Поттере. Писала в конце XX — начале XXI века, в эпоху цифровых технологий, но обратилась к традиционным сюжетам мифологии, сказки и классического фэнтези. Её стиль — ясный, живой, сочетающий юмор, драму и моральные дилеммы, доступный как детям, так и взрослым. Роулинг возродила интерес к чтению среди молодёжи и переосмыслила жанр подросткового фэнтези, наполнив его глубиной, символикой и сложной этикой. Её вклад — не только в литературу, но и в мировую поп-культуру: «Гарри Поттер» стал трансмедийным феноменом. Несмотря на критику, её влияние на современную литературу и издательский рынок огромно.
3	Джек Лондон	Американский писатель конца XIX — начала XX века, работавший в жанрах приключенческой прозы, натурализма и социальной утопии. Его стиль сочетает динамику действия, суровый реализм и идеи социальной справедливости. Лондон одним из первых ввёл в литературу темы борьбы за выживание в дикой природе и конфликта человека с обществом, оказав влияние на развитие американской прозы.
4	Тургенев Иван Сергеевич	Классик русской литературы эпохи реализма, писавший в середине XIX века. Его творчество отличается лиризмом, тонкой психологией, европейской культурной ориентацией и гуманистическим пафосом. Тургенев мастерски изображал внутренний мир героев и социальные конфликты своего времени, особенно поколенческие расколы. Он способствовал признанию русской литературы за рубежом.
5	Гончаров Иван Александрович	Русский прозаик эпохи реализма, писавший преимущественно во второй половине XIX века. Его стиль — спокойный, детализированный, с глубоким вниманием к быту и характерам. Гончаров внёс значительный вклад в создание типажа «лишнего человека» и в развитие психологической прозы в России.
6	Пушкин Александр Сергеевич	Основоположник новой русской литературы, творивший в эпоху романтизма и раннего реализма. Он мастерски работал в самых разных жанрах — от лирической поэзии до прозы и драмы. Пушкин сформировал современный русский литературный язык и заложил основы национальной художественной традиции.
7	Лермонтов Михаил Юрьевич	Поэт и прозаик эпохи романтизма, продолжатель пушкинских традиций и один из создателей психологической прозы в России. Его творчество пронизано мотивами одиночества, свободы, внутреннего конфликта и скептицизма. Лермонтов обогатил русскую литературу глубоким анализом личности и предвосхитил многие черты реализма.
8	Булгаков Михаил Афанасьевич	Советский писатель, работавший в жанрах сатирической прозы, фантастики и философской аллегории. Его стиль сочетает гротеск, мистику, иронию и трагизм. Булгаков создал уникальный синтез реализма и фантастики, оказав значительное влияние на развитие русской литературы XX века, особенно в условиях цензуры и идеологического давления.
9	Брэм Стокер	Ирландский писатель викторианской эпохи, представитель готического романа и литературы ужасов. Его стиль опирается на атмосферу тайны, мистики и психологического напряжения. Стокер обновил жанр ужасов, создав архетип современного вампира, и оказал долговременное влияние на популярную культуру и жанровую литературу.
10	Шекспир	Величайший драматург и поэт эпохи английского Возрождения. Писал трагедии, комедии, исторические хроники и сонеты, сочетая поэтическую выразительность с глубоким знанием человеческой природы. Шекспир заложил основы современной драматургии и обогатил английский язык тысячами слов и выражений.
11	Агата Кристи	Британская писательница, классик детективного жанра XX века. Её стиль — лаконичный, логичный, с акцентом на интеллектуальную загадку и неожиданный финал. Кристи стандартизировала «классический детектив» с его уютной атмосферой и головоломкой, став одной из самых читаемых авторов в истории мировой литературы.
\.


--
-- Data for Name: library_app_book; Type: TABLE DATA; Schema: public; Owner: library_user
--

COPY public.library_app_book (id, title, year, isbn, description, available, author_id) FROM stdin;
3	Анна Каренина	1875	187518751	Роман рассказывает о трагической любви замужней женщины Анны Карениной к молодому офицеру Вронскому. Её выбор сталкивается с жёсткими нормами общества, что ведёт к внутреннему разрушению и гибели. Параллельно развивается линия Константина Левина — землевладельца, ищущего смысл жизни в труде, семье и вере. Толстой показывает противоречие между личным счастьем и социальными условностями. В центре — вопросы морали, долга, семьи и духовного поиска. Стиль прозы — глубоко психологичный, с тонким анализом переживаний героев. «Анна Каренина» считается одним из самых совершенных романов в мировой литературе.	t	1
7	Дракула	1897	189718971	Цикл рассказов, написанных от лица земского дворянина, путешествующего по деревням. Через наблюдения за крестьянами, помещиками и природой Тургенев показывает красоту русской жизни и жестокость крепостного права. Каждый рассказ — миниатюра с глубоким психологизмом и лиризмом. Автор не осуждает, а позволяет читателю увидеть правду через детали быта и характеры. Эти записки стали важным шагом к отмене крепостничества и ярким примером социально-психологической прозы.	t	9
1	Гарри Поттер и философский камень	1997	199719971	Одиннадцатилетний мальчик Гарри Поттер, всю жизнь считавший себя обычным сиротой, узнаёт, что он — волшебник. Его приглашают учиться в Школу чародейства и волшебства Хогвартс, где он обретает друзей, врагов и первую настоящую семью. Вместе с Роном и Гермионой он раскрывает тайну Философского камня — артефакта, дающего бессмертие. За этим стоит тень Тёмного Лорда Волан-де-Морта, убившего родителей Гарри. Роман сочетает волшебство, дружбу, храбрость и противостояние добра и зла. Роулинг создаёт живой, детально проработанный мир магии, вписанный в реальность. Книга положила начало глобальной культурной феномену и возродила интерес детей к чтению. Это история о том, как обычный ребёнок обретает силу через любовь, выбор и верность себе.	f	2
5	Отцы и дети	1862	186218621	Роман о поколенческом конфликте в России 1860-х годов. Главный герой Евгений Базаров — нигилист, отрицающий традиции, искусство и романтизм. Через его столкновения с «отцами» и собственные чувства Тургенев исследует кризис интеллигенции, ценности нового времени и трагедию одиночества. Действие разворачивается в усадьбах и деревнях, где идеи сталкиваются с жизнью. В центре — поиск смысла в эпоху перемен. Произведение стало манифестом новой мысли и символом раскола поколений.	t	4
6	Записки охотника	1852	185218521	Цикл рассказов, написанных от лица земского дворянина, путешествующего по деревням. Через наблюдения за крестьянами, помещиками и природой Тургенев показывает красоту русской жизни и жестокость крепостного права. Каждый рассказ — миниатюра с глубоким психологизмом и лиризмом. Автор не осуждает, а позволяет читателю увидеть правду через детали быта и характеры. Эти записки стали важным шагом к отмене крепостничества и ярким примером социально-психологической прозы.	f	4
8	Десять негритят	1939	193919391	Детектив-загадка, в которой десять человек оказываются на изолированном острове и по очереди погибают — как в детской песенке. Никто не может выбраться, никто не знает, кто убийца. Кристи мастерски строит напряжение, скрывая преступника до последней страницы. Это не просто головоломка — здесь поднимаются темы справедливости, вины и возмездия. Роман считается одним из самых совершенных детективов всех времён.	t	11
9	Убийство в восточном экспрессе	1934	193419341	Детектив, действие которого происходит в роскошном поезде, застрявшем в снегу. На борту убит американский бизнесмен, и расследование ведёт Эркюль Пуаро — логик и психолог. Каждый пассажир имеет мотив, и все они связаны с прошлым жертвы. Кристи разрушает каноны жанра: убийца не один, а группа людей, действующих по принципу «правосудия». Это не просто загадка — философское размышление о морали и законе.	t	11
10	Евгений Онегин	1833	183318331	Роман в стихах о молодом дворянине Онегине, разочарованном в жизни, и девушке Татьяне Лариной, которая влюбляется в него. Пушкин показывает их судьбы на фоне светского Петербурга и провинциальной России. Через их отношения автор исследует темы одиночества, любви, свободы и упущенных возможностей. Стиль — изящный, ироничный, глубоко человечный. Это первый русский роман в стихах и образец высокой поэзии, сочетающей лирику и психологию.	t	6
11	Герой нашего времени	1840	184018401	Психологический роман о Печорине — молодом офицере, циничном, умном, скучающем и разочарованном в жизни. Его дневник раскрывает внутренние противоречия: желание любить и ненавидеть, быть свободным и чувствовать себя пленником своего характера. Лермонтов показывает тип «лишнего человека» — того, кто не нашёл места в обществе. Это первый в русской литературе психологический портрет, написанный с холодным анализом и глубокой эмпатией.	t	7
12	Обломов	1859	185918591	Роман о безвольном дворянине Илье Обломове, который мечтает о счастье, но не способен сделать шаг к нему. Его противоположность — энергичный Штольц, а любовь — простая и добрая Ольга. Гончаров исследует тему лени, мечтательности и утраты воли в русском обществе. «Обломовщина» стала символом пассивности и духовной апатии. Это не просто история одного человека — это диагноз целой эпохи.	t	5
13	Обрыв	1869	186918691	Роман о молодом дворянине Романе Волховском, который возвращается в родной город после долгого отсутствия и оказывается между двумя мирами — старым, уходящим, и новым, стремительным. Он влюблён в женщину, которая не может выбрать между ним и другим. Гончаров показывает кризис интеллигенции, разрыв между идеалами и реальностью, потерю опор в быстро меняющемся мире. Это продолжение темы «лишнего человека», но уже в эпоху реформ и новых вызовов.	t	5
2	Белый Клык	1906	190619061	История волко-собачьего щенка Белого Клыка, родившегося в дикой природе Аляски. Он проходит путь от жестокости дикой жизни и жестоких хозяев к доброте и любви человека, который спасает его. Повесть показывает, как среда формирует характер: жестокость порождает агрессию, доброта — преданность. Лондон исследует темы инстинкта, выживания и приручения. Несмотря на животного в центре, это глубоко человеческая история о влиянии окружения на личность.	t	3
4	Война и мир	1865	186518651	Роман охватывает судьбы нескольких аристократических семей в эпоху Наполеоновских войн. Через призму личных переживаний героев — Пьера Безухова, Андрея Болконского, Наташи Ростовой — Толстой исследует вопросы войны, мира, любви, веры и смысла истории. Действие разворачивается на фоне великих исторических событий: Бородинского сражения, пожара Москвы, отступления французов. Автор противопоставляет официальную историю живому опыту человека. В центре — поиск истины, нравственного пути и гармонии. «Война и мир» сочетает эпическое повествование, философские размышления и глубокий психологизм. Это не просто роман, а масштабная попытка понять законы жизни целого народа. Произведение стало вершиной русского реализма и мировой литературы.	f	1
14	Мастер и Маргарита	1966	196619667	В Москву прибывает дьявол со своей свитой, и начинается череда невероятных происшествий. Талантливый мастер томится в доме скорби, а его возлюбленная Маргарита пытается его спасти. Каждый из героев делает собственный выбор, который становится вкладом в вечную борьбу добра и зла.	t	8
\.


--
-- Data for Name: library_app_book_genre; Type: TABLE DATA; Schema: public; Owner: library_user
--

COPY public.library_app_book_genre (id, book_id, genre_id) FROM stdin;
1	1	2
2	2	3
3	3	1
4	4	1
5	5	1
6	6	1
7	6	6
8	7	2
9	7	3
10	7	4
11	8	8
12	8	5
13	9	8
14	9	5
15	10	1
16	10	5
17	11	1
18	11	5
19	12	1
20	12	5
21	13	1
22	13	5
23	14	1
24	14	5
25	14	7
\.


--
-- Data for Name: library_app_borrowing; Type: TABLE DATA; Schema: public; Owner: library_user
--

COPY public.library_app_borrowing (id, reader_name, reader_email, borrowed_at, returned_at, book_id) FROM stdin;
5	Сидоров Иван	SidorovIvan@mail.ru	2025-10-17 10:50:02.686907+00	\N	1
6	Саша Иванов	IvanovSasha@mail.ru	2025-10-21 13:38:29.985576+00	\N	4
\.


--
-- Data for Name: library_app_genre; Type: TABLE DATA; Schema: public; Owner: library_user
--

COPY public.library_app_genre (id, name) FROM stdin;
1	Классика
2	Фэнтези
3	Приключения
4	Зарубежная литература
5	Роман
6	Путешествия
7	Сатира
8	Детектив
\.


--
-- Name: auth_group_id_seq; Type: SEQUENCE SET; Schema: public; Owner: library_user
--

SELECT pg_catalog.setval('public.auth_group_id_seq', 1, true);


--
-- Name: auth_group_permissions_id_seq; Type: SEQUENCE SET; Schema: public; Owner: library_user
--

SELECT pg_catalog.setval('public.auth_group_permissions_id_seq', 16, true);


--
-- Name: auth_permission_id_seq; Type: SEQUENCE SET; Schema: public; Owner: library_user
--

SELECT pg_catalog.setval('public.auth_permission_id_seq', 40, true);


--
-- Name: auth_user_groups_id_seq; Type: SEQUENCE SET; Schema: public; Owner: library_user
--

SELECT pg_catalog.setval('public.auth_user_groups_id_seq', 34, true);


--
-- Name: auth_user_id_seq; Type: SEQUENCE SET; Schema: public; Owner: library_user
--

SELECT pg_catalog.setval('public.auth_user_id_seq', 35, true);


--
-- Name: auth_user_user_permissions_id_seq; Type: SEQUENCE SET; Schema: public; Owner: library_user
--

SELECT pg_catalog.setval('public.auth_user_user_permissions_id_seq', 1, false);


--
-- Name: django_admin_log_id_seq; Type: SEQUENCE SET; Schema: public; Owner: library_user
--

SELECT pg_catalog.setval('public.django_admin_log_id_seq', 80, true);


--
-- Name: django_content_type_id_seq; Type: SEQUENCE SET; Schema: public; Owner: library_user
--

SELECT pg_catalog.setval('public.django_content_type_id_seq', 10, true);


--
-- Name: django_migrations_id_seq; Type: SEQUENCE SET; Schema: public; Owner: library_user
--

SELECT pg_catalog.setval('public.django_migrations_id_seq', 20, true);


--
-- Name: library_app_author_id_seq; Type: SEQUENCE SET; Schema: public; Owner: library_user
--

SELECT pg_catalog.setval('public.library_app_author_id_seq', 11, true);


--
-- Name: library_app_book_genre_id_seq; Type: SEQUENCE SET; Schema: public; Owner: library_user
--

SELECT pg_catalog.setval('public.library_app_book_genre_id_seq', 25, true);


--
-- Name: library_app_book_id_seq; Type: SEQUENCE SET; Schema: public; Owner: library_user
--

SELECT pg_catalog.setval('public.library_app_book_id_seq', 14, true);


--
-- Name: library_app_borrowing_id_seq; Type: SEQUENCE SET; Schema: public; Owner: library_user
--

SELECT pg_catalog.setval('public.library_app_borrowing_id_seq', 6, true);


--
-- Name: library_app_genre_id_seq; Type: SEQUENCE SET; Schema: public; Owner: library_user
--

SELECT pg_catalog.setval('public.library_app_genre_id_seq', 8, true);


--
-- Name: auth_group auth_group_name_key; Type: CONSTRAINT; Schema: public; Owner: library_user
--

ALTER TABLE ONLY public.auth_group
    ADD CONSTRAINT auth_group_name_key UNIQUE (name);


--
-- Name: auth_group_permissions auth_group_permissions_group_id_permission_id_0cd325b0_uniq; Type: CONSTRAINT; Schema: public; Owner: library_user
--

ALTER TABLE ONLY public.auth_group_permissions
    ADD CONSTRAINT auth_group_permissions_group_id_permission_id_0cd325b0_uniq UNIQUE (group_id, permission_id);


--
-- Name: auth_group_permissions auth_group_permissions_pkey; Type: CONSTRAINT; Schema: public; Owner: library_user
--

ALTER TABLE ONLY public.auth_group_permissions
    ADD CONSTRAINT auth_group_permissions_pkey PRIMARY KEY (id);


--
-- Name: auth_group auth_group_pkey; Type: CONSTRAINT; Schema: public; Owner: library_user
--

ALTER TABLE ONLY public.auth_group
    ADD CONSTRAINT auth_group_pkey PRIMARY KEY (id);


--
-- Name: auth_permission auth_permission_content_type_id_codename_01ab375a_uniq; Type: CONSTRAINT; Schema: public; Owner: library_user
--

ALTER TABLE ONLY public.auth_permission
    ADD CONSTRAINT auth_permission_content_type_id_codename_01ab375a_uniq UNIQUE (content_type_id, codename);


--
-- Name: auth_permission auth_permission_pkey; Type: CONSTRAINT; Schema: public; Owner: library_user
--

ALTER TABLE ONLY public.auth_permission
    ADD CONSTRAINT auth_permission_pkey PRIMARY KEY (id);


--
-- Name: auth_user_groups auth_user_groups_pkey; Type: CONSTRAINT; Schema: public; Owner: library_user
--

ALTER TABLE ONLY public.auth_user_groups
    ADD CONSTRAINT auth_user_groups_pkey PRIMARY KEY (id);


--
-- Name: auth_user_groups auth_user_groups_user_id_group_id_94350c0c_uniq; Type: CONSTRAINT; Schema: public; Owner: library_user
--

ALTER TABLE ONLY public.auth_user_groups
    ADD CONSTRAINT auth_user_groups_user_id_group_id_94350c0c_uniq UNIQUE (user_id, group_id);


--
-- Name: auth_user auth_user_pkey; Type: CONSTRAINT; Schema: public; Owner: library_user
--

ALTER TABLE ONLY public.auth_user
    ADD CONSTRAINT auth_user_pkey PRIMARY KEY (id);


--
-- Name: auth_user_user_permissions auth_user_user_permissions_pkey; Type: CONSTRAINT; Schema: public; Owner: library_user
--

ALTER TABLE ONLY public.auth_user_user_permissions
    ADD CONSTRAINT auth_user_user_permissions_pkey PRIMARY KEY (id);


--
-- Name: auth_user_user_permissions auth_user_user_permissions_user_id_permission_id_14a6b632_uniq; Type: CONSTRAINT; Schema: public; Owner: library_user
--

ALTER TABLE ONLY public.auth_user_user_permissions
    ADD CONSTRAINT auth_user_user_permissions_user_id_permission_id_14a6b632_uniq UNIQUE (user_id, permission_id);


--
-- Name: auth_user auth_user_username_key; Type: CONSTRAINT; Schema: public; Owner: library_user
--

ALTER TABLE ONLY public.auth_user
    ADD CONSTRAINT auth_user_username_key UNIQUE (username);


--
-- Name: django_admin_log django_admin_log_pkey; Type: CONSTRAINT; Schema: public; Owner: library_user
--

ALTER TABLE ONLY public.django_admin_log
    ADD CONSTRAINT django_admin_log_pkey PRIMARY KEY (id);


--
-- Name: django_content_type django_content_type_app_label_model_76bd3d3b_uniq; Type: CONSTRAINT; Schema: public; Owner: library_user
--

ALTER TABLE ONLY public.django_content_type
    ADD CONSTRAINT django_content_type_app_label_model_76bd3d3b_uniq UNIQUE (app_label, model);


--
-- Name: django_content_type django_content_type_pkey; Type: CONSTRAINT; Schema: public; Owner: library_user
--

ALTER TABLE ONLY public.django_content_type
    ADD CONSTRAINT django_content_type_pkey PRIMARY KEY (id);


--
-- Name: django_migrations django_migrations_pkey; Type: CONSTRAINT; Schema: public; Owner: library_user
--

ALTER TABLE ONLY public.django_migrations
    ADD CONSTRAINT django_migrations_pkey PRIMARY KEY (id);


--
-- Name: django_session django_session_pkey; Type: CONSTRAINT; Schema: public; Owner: library_user
--

ALTER TABLE ONLY public.django_session
    ADD CONSTRAINT django_session_pkey PRIMARY KEY (session_key);


--
-- Name: library_app_author library_app_author_pkey; Type: CONSTRAINT; Schema: public; Owner: library_user
--

ALTER TABLE ONLY public.library_app_author
    ADD CONSTRAINT library_app_author_pkey PRIMARY KEY (id);


--
-- Name: library_app_book_genre library_app_book_genre_book_id_genre_id_e6f88d4f_uniq; Type: CONSTRAINT; Schema: public; Owner: library_user
--

ALTER TABLE ONLY public.library_app_book_genre
    ADD CONSTRAINT library_app_book_genre_book_id_genre_id_e6f88d4f_uniq UNIQUE (book_id, genre_id);


--
-- Name: library_app_book_genre library_app_book_genre_pkey; Type: CONSTRAINT; Schema: public; Owner: library_user
--

ALTER TABLE ONLY public.library_app_book_genre
    ADD CONSTRAINT library_app_book_genre_pkey PRIMARY KEY (id);


--
-- Name: library_app_book library_app_book_isbn_key; Type: CONSTRAINT; Schema: public; Owner: library_user
--

ALTER TABLE ONLY public.library_app_book
    ADD CONSTRAINT library_app_book_isbn_key UNIQUE (isbn);


--
-- Name: library_app_book library_app_book_pkey; Type: CONSTRAINT; Schema: public; Owner: library_user
--

ALTER TABLE ONLY public.library_app_book
    ADD CONSTRAINT library_app_book_pkey PRIMARY KEY (id);


--
-- Name: library_app_borrowing library_app_borrowing_pkey; Type: CONSTRAINT; Schema: public; Owner: library_user
--

ALTER TABLE ONLY public.library_app_borrowing
    ADD CONSTRAINT library_app_borrowing_pkey PRIMARY KEY (id);


--
-- Name: library_app_genre library_app_genre_name_key; Type: CONSTRAINT; Schema: public; Owner: library_user
--

ALTER TABLE ONLY public.library_app_genre
    ADD CONSTRAINT library_app_genre_name_key UNIQUE (name);


--
-- Name: library_app_genre library_app_genre_pkey; Type: CONSTRAINT; Schema: public; Owner: library_user
--

ALTER TABLE ONLY public.library_app_genre
    ADD CONSTRAINT library_app_genre_pkey PRIMARY KEY (id);


--
-- Name: auth_group_name_a6ea08ec_like; Type: INDEX; Schema: public; Owner: library_user
--

CREATE INDEX auth_group_name_a6ea08ec_like ON public.auth_group USING btree (name varchar_pattern_ops);


--
-- Name: auth_group_permissions_group_id_b120cbf9; Type: INDEX; Schema: public; Owner: library_user
--

CREATE INDEX auth_group_permissions_group_id_b120cbf9 ON public.auth_group_permissions USING btree (group_id);


--
-- Name: auth_group_permissions_permission_id_84c5c92e; Type: INDEX; Schema: public; Owner: library_user
--

CREATE INDEX auth_group_permissions_permission_id_84c5c92e ON public.auth_group_permissions USING btree (permission_id);


--
-- Name: auth_permission_content_type_id_2f476e4b; Type: INDEX; Schema: public; Owner: library_user
--

CREATE INDEX auth_permission_content_type_id_2f476e4b ON public.auth_permission USING btree (content_type_id);


--
-- Name: auth_user_groups_group_id_97559544; Type: INDEX; Schema: public; Owner: library_user
--

CREATE INDEX auth_user_groups_group_id_97559544 ON public.auth_user_groups USING btree (group_id);


--
-- Name: auth_user_groups_user_id_6a12ed8b; Type: INDEX; Schema: public; Owner: library_user
--

CREATE INDEX auth_user_groups_user_id_6a12ed8b ON public.auth_user_groups USING btree (user_id);


--
-- Name: auth_user_user_permissions_permission_id_1fbb5f2c; Type: INDEX; Schema: public; Owner: library_user
--

CREATE INDEX auth_user_user_permissions_permission_id_1fbb5f2c ON public.auth_user_user_permissions USING btree (permission_id);


--
-- Name: auth_user_user_permissions_user_id_a95ead1b; Type: INDEX; Schema: public; Owner: library_user
--

CREATE INDEX auth_user_user_permissions_user_id_a95ead1b ON public.auth_user_user_permissions USING btree (user_id);


--
-- Name: auth_user_username_6821ab7c_like; Type: INDEX; Schema: public; Owner: library_user
--

CREATE INDEX auth_user_username_6821ab7c_like ON public.auth_user USING btree (username varchar_pattern_ops);


--
-- Name: django_admin_log_content_type_id_c4bce8eb; Type: INDEX; Schema: public; Owner: library_user
--

CREATE INDEX django_admin_log_content_type_id_c4bce8eb ON public.django_admin_log USING btree (content_type_id);


--
-- Name: django_admin_log_user_id_c564eba6; Type: INDEX; Schema: public; Owner: library_user
--

CREATE INDEX django_admin_log_user_id_c564eba6 ON public.django_admin_log USING btree (user_id);


--
-- Name: django_session_expire_date_a5c62663; Type: INDEX; Schema: public; Owner: library_user
--

CREATE INDEX django_session_expire_date_a5c62663 ON public.django_session USING btree (expire_date);


--
-- Name: django_session_session_key_c0390e0f_like; Type: INDEX; Schema: public; Owner: library_user
--

CREATE INDEX django_session_session_key_c0390e0f_like ON public.django_session USING btree (session_key varchar_pattern_ops);


--
-- Name: library_app_book_author_id_e3d6da12; Type: INDEX; Schema: public; Owner: library_user
--

CREATE INDEX library_app_book_author_id_e3d6da12 ON public.library_app_book USING btree (author_id);


--
-- Name: library_app_book_genre_book_id_0d9c49f8; Type: INDEX; Schema: public; Owner: library_user
--

CREATE INDEX library_app_book_genre_book_id_0d9c49f8 ON public.library_app_book_genre USING btree (book_id);


--
-- Name: library_app_book_genre_genre_id_ab1398cf; Type: INDEX; Schema: public; Owner: library_user
--

CREATE INDEX library_app_book_genre_genre_id_ab1398cf ON public.library_app_book_genre USING btree (genre_id);


--
-- Name: library_app_book_isbn_413c3374_like; Type: INDEX; Schema: public; Owner: library_user
--

CREATE INDEX library_app_book_isbn_413c3374_like ON public.library_app_book USING btree (isbn varchar_pattern_ops);


--
-- Name: library_app_borrowing_book_id_bc513c18; Type: INDEX; Schema: public; Owner: library_user
--

CREATE INDEX library_app_borrowing_book_id_bc513c18 ON public.library_app_borrowing USING btree (book_id);


--
-- Name: library_app_genre_name_7e42dffc_like; Type: INDEX; Schema: public; Owner: library_user
--

CREATE INDEX library_app_genre_name_7e42dffc_like ON public.library_app_genre USING btree (name varchar_pattern_ops);


--
-- Name: auth_group_permissions auth_group_permissio_permission_id_84c5c92e_fk_auth_perm; Type: FK CONSTRAINT; Schema: public; Owner: library_user
--

ALTER TABLE ONLY public.auth_group_permissions
    ADD CONSTRAINT auth_group_permissio_permission_id_84c5c92e_fk_auth_perm FOREIGN KEY (permission_id) REFERENCES public.auth_permission(id) DEFERRABLE INITIALLY DEFERRED;


--
-- Name: auth_group_permissions auth_group_permissions_group_id_b120cbf9_fk_auth_group_id; Type: FK CONSTRAINT; Schema: public; Owner: library_user
--

ALTER TABLE ONLY public.auth_group_permissions
    ADD CONSTRAINT auth_group_permissions_group_id_b120cbf9_fk_auth_group_id FOREIGN KEY (group_id) REFERENCES public.auth_group(id) DEFERRABLE INITIALLY DEFERRED;


--
-- Name: auth_permission auth_permission_content_type_id_2f476e4b_fk_django_co; Type: FK CONSTRAINT; Schema: public; Owner: library_user
--

ALTER TABLE ONLY public.auth_permission
    ADD CONSTRAINT auth_permission_content_type_id_2f476e4b_fk_django_co FOREIGN KEY (content_type_id) REFERENCES public.django_content_type(id) DEFERRABLE INITIALLY DEFERRED;


--
-- Name: auth_user_groups auth_user_groups_group_id_97559544_fk_auth_group_id; Type: FK CONSTRAINT; Schema: public; Owner: library_user
--

ALTER TABLE ONLY public.auth_user_groups
    ADD CONSTRAINT auth_user_groups_group_id_97559544_fk_auth_group_id FOREIGN KEY (group_id) REFERENCES public.auth_group(id) DEFERRABLE INITIALLY DEFERRED;


--
-- Name: auth_user_groups auth_user_groups_user_id_6a12ed8b_fk_auth_user_id; Type: FK CONSTRAINT; Schema: public; Owner: library_user
--

ALTER TABLE ONLY public.auth_user_groups
    ADD CONSTRAINT auth_user_groups_user_id_6a12ed8b_fk_auth_user_id FOREIGN KEY (user_id) REFERENCES public.auth_user(id) DEFERRABLE INITIALLY DEFERRED;


--
-- Name: auth_user_user_permissions auth_user_user_permi_permission_id_1fbb5f2c_fk_auth_perm; Type: FK CONSTRAINT; Schema: public; Owner: library_user
--

ALTER TABLE ONLY public.auth_user_user_permissions
    ADD CONSTRAINT auth_user_user_permi_permission_id_1fbb5f2c_fk_auth_perm FOREIGN KEY (permission_id) REFERENCES public.auth_permission(id) DEFERRABLE INITIALLY DEFERRED;


--
-- Name: auth_user_user_permissions auth_user_user_permissions_user_id_a95ead1b_fk_auth_user_id; Type: FK CONSTRAINT; Schema: public; Owner: library_user
--

ALTER TABLE ONLY public.auth_user_user_permissions
    ADD CONSTRAINT auth_user_user_permissions_user_id_a95ead1b_fk_auth_user_id FOREIGN KEY (user_id) REFERENCES public.auth_user(id) DEFERRABLE INITIALLY DEFERRED;


--
-- Name: django_admin_log django_admin_log_content_type_id_c4bce8eb_fk_django_co; Type: FK CONSTRAINT; Schema: public; Owner: library_user
--

ALTER TABLE ONLY public.django_admin_log
    ADD CONSTRAINT django_admin_log_content_type_id_c4bce8eb_fk_django_co FOREIGN KEY (content_type_id) REFERENCES public.django_content_type(id) DEFERRABLE INITIALLY DEFERRED;


--
-- Name: django_admin_log django_admin_log_user_id_c564eba6_fk_auth_user_id; Type: FK CONSTRAINT; Schema: public; Owner: library_user
--

ALTER TABLE ONLY public.django_admin_log
    ADD CONSTRAINT django_admin_log_user_id_c564eba6_fk_auth_user_id FOREIGN KEY (user_id) REFERENCES public.auth_user(id) DEFERRABLE INITIALLY DEFERRED;


--
-- Name: library_app_book library_app_book_author_id_e3d6da12_fk_library_app_author_id; Type: FK CONSTRAINT; Schema: public; Owner: library_user
--

ALTER TABLE ONLY public.library_app_book
    ADD CONSTRAINT library_app_book_author_id_e3d6da12_fk_library_app_author_id FOREIGN KEY (author_id) REFERENCES public.library_app_author(id) DEFERRABLE INITIALLY DEFERRED;


--
-- Name: library_app_book_genre library_app_book_gen_genre_id_ab1398cf_fk_library_a; Type: FK CONSTRAINT; Schema: public; Owner: library_user
--

ALTER TABLE ONLY public.library_app_book_genre
    ADD CONSTRAINT library_app_book_gen_genre_id_ab1398cf_fk_library_a FOREIGN KEY (genre_id) REFERENCES public.library_app_genre(id) DEFERRABLE INITIALLY DEFERRED;


--
-- Name: library_app_book_genre library_app_book_genre_book_id_0d9c49f8_fk_library_app_book_id; Type: FK CONSTRAINT; Schema: public; Owner: library_user
--

ALTER TABLE ONLY public.library_app_book_genre
    ADD CONSTRAINT library_app_book_genre_book_id_0d9c49f8_fk_library_app_book_id FOREIGN KEY (book_id) REFERENCES public.library_app_book(id) DEFERRABLE INITIALLY DEFERRED;


--
-- Name: library_app_borrowing library_app_borrowing_book_id_bc513c18_fk_library_app_book_id; Type: FK CONSTRAINT; Schema: public; Owner: library_user
--

ALTER TABLE ONLY public.library_app_borrowing
    ADD CONSTRAINT library_app_borrowing_book_id_bc513c18_fk_library_app_book_id FOREIGN KEY (book_id) REFERENCES public.library_app_book(id) DEFERRABLE INITIALLY DEFERRED;


--
-- PostgreSQL database dump complete
--

\unrestrict HEmLvMXd2SicVsscrGT309SiliBXe5Duidxi5hgDg8O7JM5mz6UX6p8uXIrWeHO

