--
-- PostgreSQL database dump
--

\restrict d9gg2VPOabh8ur4l1aFGVqb1xppMGnEis3OMiXyT5v2k2NGasvil3ACyF9lVEYX

-- Dumped from database version 16.10 (Debian 16.10-1.pgdg13+1)
-- Dumped by pg_dump version 16.10 (Debian 16.10-1.pgdg13+1)

SET statement_timeout = 0;
SET lock_timeout = 0;
SET idle_in_transaction_session_timeout = 0;
SET client_encoding = 'UTF8';
SET standard_conforming_strings = on;
SELECT pg_catalog.set_config('search_path', '', false);
SET check_function_bodies = false;
SET xmloption = content;
SET client_min_messages = warning;
SET row_security = off;

SET default_tablespace = '';

SET default_table_access_method = heap;

--
-- Name: auth_group; Type: TABLE; Schema: public; Owner: library_user
--

CREATE TABLE public.auth_group (
    id integer NOT NULL,
    name character varying(150) NOT NULL
);


ALTER TABLE public.auth_group OWNER TO library_user;

--
-- Name: auth_group_id_seq; Type: SEQUENCE; Schema: public; Owner: library_user
--

ALTER TABLE public.auth_group ALTER COLUMN id ADD GENERATED BY DEFAULT AS IDENTITY (
    SEQUENCE NAME public.auth_group_id_seq
    START WITH 1
    INCREMENT BY 1
    NO MINVALUE
    NO MAXVALUE
    CACHE 1
);


--
-- Name: auth_group_permissions; Type: TABLE; Schema: public; Owner: library_user
--

CREATE TABLE public.auth_group_permissions (
    id bigint NOT NULL,
    group_id integer NOT NULL,
    permission_id integer NOT NULL
);


ALTER TABLE public.auth_group_permissions OWNER TO library_user;

--
-- Name: auth_group_permissions_id_seq; Type: SEQUENCE; Schema: public; Owner: library_user
--

ALTER TABLE public.auth_group_permissions ALTER COLUMN id ADD GENERATED BY DEFAULT AS IDENTITY (
    SEQUENCE NAME public.auth_group_permissions_id_seq
    START WITH 1
    INCREMENT BY 1
    NO MINVALUE
    NO MAXVALUE
    CACHE 1
);


--
-- Name: auth_permission; Type: TABLE; Schema: public; Owner: library_user
--

CREATE TABLE public.auth_permission (
    id integer NOT NULL,
    name character varying(255) NOT NULL,
    content_type_id integer NOT NULL,
    codename character varying(100) NOT NULL
);


ALTER TABLE public.auth_permission OWNER TO library_user;

--
-- Name: auth_permission_id_seq; Type: SEQUENCE; Schema: public; Owner: library_user
--

ALTER TABLE public.auth_permission ALTER COLUMN id ADD GENERATED BY DEFAULT AS IDENTITY (
    SEQUENCE NAME public.auth_permission_id_seq
    START WITH 1
    INCREMENT BY 1
    NO MINVALUE
    NO MAXVALUE
    CACHE 1
);


--
-- Name: auth_user; Type: TABLE; Schema: public; Owner: library_user
--

CREATE TABLE public.auth_user (
    id integer NOT NULL,
    password character varying(128) NOT NULL,
    last_login timestamp with time zone,
    is_superuser boolean NOT NULL,
    username character varying(150) NOT NULL,
    first_name character varying(150) NOT NULL,
    last_name character varying(150) NOT NULL,
    email character varying(254) NOT NULL,
    is_staff boolean NOT NULL,
    is_active boolean NOT NULL,
    date_joined timestamp with time zone NOT NULL
);


ALTER TABLE public.auth_user OWNER TO library_user;

--
-- Name: auth_user_groups; Type: TABLE; Schema: public; Owner: library_user
--

CREATE TABLE public.auth_user_groups (
    id bigint NOT NULL,
    user_id integer NOT NULL,
    group_id integer NOT NULL
);


ALTER TABLE public.auth_user_groups OWNER TO library_user;

--
-- Name: auth_user_groups_id_seq; Type: SEQUENCE; Schema: public; Owner: library_user
--

ALTER TABLE public.auth_user_groups ALTER COLUMN id ADD GENERATED BY DEFAULT AS IDENTITY (
    SEQUENCE NAME public.auth_user_groups_id_seq
    START WITH 1
    INCREMENT BY 1
    NO MINVALUE
    NO MAXVALUE
    CACHE 1
);


--
-- Name: auth_user_id_seq; Type: SEQUENCE; Schema: public; Owner: library_user
--

ALTER TABLE public.auth_user ALTER COLUMN id ADD GENERATED BY DEFAULT AS IDENTITY (
    SEQUENCE NAME public.auth_user_id_seq
    START WITH 1
    INCREMENT BY 1
    NO MINVALUE
    NO MAXVALUE
    CACHE 1
);


--
-- Name: auth_user_user_permissions; Type: TABLE; Schema: public; Owner: library_user
--

CREATE TABLE public.auth_user_user_permissions (
    id bigint NOT NULL,
    user_id integer NOT NULL,
    permission_id integer NOT NULL
);


ALTER TABLE public.auth_user_user_permissions OWNER TO library_user;

--
-- Name: auth_user_user_permissions_id_seq; Type: SEQUENCE; Schema: public; Owner: library_user
--

ALTER TABLE public.auth_user_user_permissions ALTER COLUMN id ADD GENERATED BY DEFAULT AS IDENTITY (
    SEQUENCE NAME public.auth_user_user_permissions_id_seq
    START WITH 1
    INCREMENT BY 1
    NO MINVALUE
    NO MAXVALUE
    CACHE 1
);


--
-- Name: django_admin_log; Type: TABLE; Schema: public; Owner: library_user
--

CREATE TABLE public.django_admin_log (
    id integer NOT NULL,
    action_time timestamp with time zone NOT NULL,
    object_id text,
    object_repr character varying(200) NOT NULL,
    action_flag smallint NOT NULL,
    change_message text NOT NULL,
    content_type_id integer,
    user_id integer NOT NULL,
    CONSTRAINT django_admin_log_action_flag_check CHECK ((action_flag >= 0))
);


ALTER TABLE public.django_admin_log OWNER TO library_user;

--
-- Name: django_admin_log_id_seq; Type: SEQUENCE; Schema: public; Owner: library_user
--

ALTER TABLE public.django_admin_log ALTER COLUMN id ADD GENERATED BY DEFAULT AS IDENTITY (
    SEQUENCE NAME public.django_admin_log_id_seq
    START WITH 1
    INCREMENT BY 1
    NO MINVALUE
    NO MAXVALUE
    CACHE 1
);


--
-- Name: django_content_type; Type: TABLE; Schema: public; Owner: library_user
--

CREATE TABLE public.django_content_type (
    id integer NOT NULL,
    app_label character varying(100) NOT NULL,
    model character varying(100) NOT NULL
);


ALTER TABLE public.django_content_type OWNER TO library_user;

--
-- Name: django_content_type_id_seq; Type: SEQUENCE; Schema: public; Owner: library_user
--

ALTER TABLE public.django_content_type ALTER COLUMN id ADD GENERATED BY DEFAULT AS IDENTITY (
    SEQUENCE NAME public.django_content_type_id_seq
    START WITH 1
    INCREMENT BY 1
    NO MINVALUE
    NO MAXVALUE
    CACHE 1
);


--
-- Name: django_migrations; Type: TABLE; Schema: public; Owner: library_user
--

CREATE TABLE public.django_migrations (
    id bigint NOT NULL,
    app character varying(255) NOT NULL,
    name character varying(255) NOT NULL,
    applied timestamp with time zone NOT NULL
);


ALTER TABLE public.django_migrations OWNER TO library_user;

--
-- Name: django_migrations_id_seq; Type: SEQUENCE; Schema: public; Owner: library_user
--

ALTER TABLE public.django_migrations ALTER COLUMN id ADD GENERATED BY DEFAULT AS IDENTITY (
    SEQUENCE NAME public.django_migrations_id_seq
    START WITH 1
    INCREMENT BY 1
    NO MINVALUE
    NO MAXVALUE
    CACHE 1
);


--
-- Name: django_session; Type: TABLE; Schema: public; Owner: library_user
--

CREATE TABLE public.django_session (
    session_key character varying(40) NOT NULL,
    session_data text NOT NULL,
    expire_date timestamp with time zone NOT NULL
);


ALTER TABLE public.django_session OWNER TO library_user;

--
-- Name: library_app_author; Type: TABLE; Schema: public; Owner: library_user
--

CREATE TABLE public.library_app_author (
    id bigint NOT NULL,
    name character varying(100) NOT NULL,
    bio text NOT NULL
);


ALTER TABLE public.library_app_author OWNER TO library_user;

--
-- Name: library_app_author_id_seq; Type: SEQUENCE; Schema: public; Owner: library_user
--

ALTER TABLE public.library_app_author ALTER COLUMN id ADD GENERATED BY DEFAULT AS IDENTITY (
    SEQUENCE NAME public.library_app_author_id_seq
    START WITH 1
    INCREMENT BY 1
    NO MINVALUE
    NO MAXVALUE
    CACHE 1
);


--
-- Name: library_app_book; Type: TABLE; Schema: public; Owner: library_user
--

CREATE TABLE public.library_app_book (
    id bigint NOT NULL,
    title character varying(200) NOT NULL,
    year integer NOT NULL,
    isbn character varying(17) NOT NULL,
    description text NOT NULL,
    available boolean NOT NULL,
    author_id bigint NOT NULL
);


ALTER TABLE public.library_app_book OWNER TO library_user;

--
-- Name: library_app_book_genre; Type: TABLE; Schema: public; Owner: library_user
--

CREATE TABLE public.library_app_book_genre (
    id bigint NOT NULL,
    book_id bigint NOT NULL,
    genre_id bigint NOT NULL
);


ALTER TABLE public.library_app_book_genre OWNER TO library_user;

--
-- Name: library_app_book_genre_id_seq; Type: SEQUENCE; Schema: public; Owner: library_user
--

ALTER TABLE public.library_app_book_genre ALTER COLUMN id ADD GENERATED BY DEFAULT AS IDENTITY (
    SEQUENCE NAME public.library_app_book_genre_id_seq
    START WITH 1
    INCREMENT BY 1
    NO MINVALUE
    NO MAXVALUE
    CACHE 1
);


--
-- Name: library_app_book_id_seq; Type: SEQUENCE; Schema: public; Owner: library_user
--

ALTER TABLE public.library_app_book ALTER COLUMN id ADD GENERATED BY DEFAULT AS IDENTITY (
    SEQUENCE NAME public.library_app_book_id_seq
    START WITH 1
    INCREMENT BY 1
    NO MINVALUE
    NO MAXVALUE
    CACHE 1
);


--
-- Name: library_app_borrowing; Type: TABLE; Schema: public; Owner: library_user
--

CREATE TABLE public.library_app_borrowing (
    id bigint NOT NULL,
    reader_name character varying(100) NOT NULL,
    reader_email character varying(254) NOT NULL,
    borrowed_at timestamp with time zone NOT NULL,
    returned_at timestamp with time zone,
    book_id bigint NOT NULL
);


ALTER TABLE public.library_app_borrowing OWNER TO library_user;

--
-- Name: library_app_borrowing_id_seq; Type: SEQUENCE; Schema: public; Owner: library_user
--

ALTER TABLE public.library_app_borrowing ALTER COLUMN id ADD GENERATED BY DEFAULT AS IDENTITY (
    SEQUENCE NAME public.library_app_borrowing_id_seq
    START WITH 1
    INCREMENT BY 1
    NO MINVALUE
    NO MAXVALUE
    CACHE 1
);


--
-- Name: library_app_genre; Type: TABLE; Schema: public; Owner: library_user
--

CREATE TABLE public.library_app_genre (
    id bigint NOT NULL,
    name character varying(100) NOT NULL
);


ALTER TABLE public.library_app_genre OWNER TO library_user;

--
-- Name: library_app_genre_id_seq; Type: SEQUENCE; Schema: public; Owner: library_user
--

ALTER TABLE public.library_app_genre ALTER COLUMN id ADD GENERATED BY DEFAULT AS IDENTITY (
    SEQUENCE NAME public.library_app_genre_id_seq
    START WITH 1
    INCREMENT BY 1
    NO MINVALUE
    NO MAXVALUE
    CACHE 1
);


--
-- Data for Name: auth_group; Type: TABLE DATA; Schema: public; Owner: library_user
--

INSERT INTO public.auth_group VALUES (1, 'Librarians');


--
-- Data for Name: auth_group_permissions; Type: TABLE DATA; Schema: public; Owner: library_user
--

INSERT INTO public.auth_group_permissions VALUES (1, 1, 32);
INSERT INTO public.auth_group_permissions VALUES (2, 1, 33);
INSERT INTO public.auth_group_permissions VALUES (3, 1, 34);
INSERT INTO public.auth_group_permissions VALUES (4, 1, 35);
INSERT INTO public.auth_group_permissions VALUES (5, 1, 36);
INSERT INTO public.auth_group_permissions VALUES (6, 1, 37);
INSERT INTO public.auth_group_permissions VALUES (7, 1, 38);
INSERT INTO public.auth_group_permissions VALUES (8, 1, 39);
INSERT INTO public.auth_group_permissions VALUES (9, 1, 40);
INSERT INTO public.auth_group_permissions VALUES (10, 1, 25);
INSERT INTO public.auth_group_permissions VALUES (11, 1, 26);
INSERT INTO public.auth_group_permissions VALUES (12, 1, 27);
INSERT INTO public.auth_group_permissions VALUES (13, 1, 28);
INSERT INTO public.auth_group_permissions VALUES (14, 1, 29);
INSERT INTO public.auth_group_permissions VALUES (15, 1, 30);
INSERT INTO public.auth_group_permissions VALUES (16, 1, 31);


--
-- Data for Name: auth_permission; Type: TABLE DATA; Schema: public; Owner: library_user
--

INSERT INTO public.auth_permission VALUES (1, 'Can add log entry', 1, 'add_logentry');
INSERT INTO public.auth_permission VALUES (2, 'Can change log entry', 1, 'change_logentry');
INSERT INTO public.auth_permission VALUES (3, 'Can delete log entry', 1, 'delete_logentry');
INSERT INTO public.auth_permission VALUES (4, 'Can view log entry', 1, 'view_logentry');
INSERT INTO public.auth_permission VALUES (5, 'Can add permission', 2, 'add_permission');
INSERT INTO public.auth_permission VALUES (6, 'Can change permission', 2, 'change_permission');
INSERT INTO public.auth_permission VALUES (7, 'Can delete permission', 2, 'delete_permission');
INSERT INTO public.auth_permission VALUES (8, 'Can view permission', 2, 'view_permission');
INSERT INTO public.auth_permission VALUES (9, 'Can add group', 3, 'add_group');
INSERT INTO public.auth_permission VALUES (10, 'Can change group', 3, 'change_group');
INSERT INTO public.auth_permission VALUES (11, 'Can delete group', 3, 'delete_group');
INSERT INTO public.auth_permission VALUES (12, 'Can view group', 3, 'view_group');
INSERT INTO public.auth_permission VALUES (13, 'Can add user', 4, 'add_user');
INSERT INTO public.auth_permission VALUES (14, 'Can change user', 4, 'change_user');
INSERT INTO public.auth_permission VALUES (15, 'Can delete user', 4, 'delete_user');
INSERT INTO public.auth_permission VALUES (16, 'Can view user', 4, 'view_user');
INSERT INTO public.auth_permission VALUES (17, 'Can add content type', 5, 'add_contenttype');
INSERT INTO public.auth_permission VALUES (18, 'Can change content type', 5, 'change_contenttype');
INSERT INTO public.auth_permission VALUES (19, 'Can delete content type', 5, 'delete_contenttype');
INSERT INTO public.auth_permission VALUES (20, 'Can view content type', 5, 'view_contenttype');
INSERT INTO public.auth_permission VALUES (21, 'Can add session', 6, 'add_session');
INSERT INTO public.auth_permission VALUES (22, 'Can change session', 6, 'change_session');
INSERT INTO public.auth_permission VALUES (23, 'Can delete session', 6, 'delete_session');
INSERT INTO public.auth_permission VALUES (24, 'Can view session', 6, 'view_session');
INSERT INTO public.auth_permission VALUES (25, 'Can add Автор', 7, 'add_author');
INSERT INTO public.auth_permission VALUES (26, 'Can change Автор', 7, 'change_author');
INSERT INTO public.auth_permission VALUES (27, 'Can delete Автор', 7, 'delete_author');
INSERT INTO public.auth_permission VALUES (28, 'Can view Автор', 7, 'view_author');
INSERT INTO public.auth_permission VALUES (29, 'Can add Книга', 8, 'add_book');
INSERT INTO public.auth_permission VALUES (30, 'Can change Книга', 8, 'change_book');
INSERT INTO public.auth_permission VALUES (31, 'Can delete Книга', 8, 'delete_book');
INSERT INTO public.auth_permission VALUES (32, 'Can view Книга', 8, 'view_book');
INSERT INTO public.auth_permission VALUES (33, 'Can add Жанры', 9, 'add_genre');
INSERT INTO public.auth_permission VALUES (34, 'Can change Жанры', 9, 'change_genre');
INSERT INTO public.auth_permission VALUES (35, 'Can delete Жанры', 9, 'delete_genre');
INSERT INTO public.auth_permission VALUES (36, 'Can view Жанры', 9, 'view_genre');
INSERT INTO public.auth_permission VALUES (37, 'Can add Выдача книги', 10, 'add_borrowing');
INSERT INTO public.auth_permission VALUES (38, 'Can change Выдача книги', 10, 'change_borrowing');
INSERT INTO public.auth_permission VALUES (39, 'Can delete Выдача книги', 10, 'delete_borrowing');
INSERT INTO public.auth_permission VALUES (40, 'Can view Выдача книги', 10, 'view_borrowing');


--
-- Data for Name: auth_user; Type: TABLE DATA; Schema: public; Owner: library_user
--

INSERT INTO public.auth_user VALUES (2, 'pbkdf2_sha256$1000000$UZ6BffKQHrenrV6uMhdTKm$GZnLOPGlRceKK/nfUrZ95nHLTXQQ1l0dFlONaBu19lE=', NULL, false, 'Ivan', 'Ivan', 'Ivanov', 'Ivanov@mail.ru', true, true, '2025-10-15 11:04:42+00');
INSERT INTO public.auth_user VALUES (3, 'pbkdf2_sha256$1000000$6OsiG2rurR7i44EFedvwE6$arlrwGK38fOYRyFfOUAEGH66o4SJOhXbv9N5F1kO/sg=', '2025-10-29 18:40:57.859618+00', false, 'Masha', 'Masha', 'Sidorova', 'Sidorova@mail.ru', true, true, '2025-10-16 11:40:54+00');
INSERT INTO public.auth_user VALUES (1, 'pbkdf2_sha256$1000000$2pa0q2VdqwQAPM1IYrThTP$Pwusfl/YKMqTIJVO/n+DdEtP2WWl632NIMV0eIzpglA=', '2025-11-05 06:39:12.968634+00', true, 'admin', '', '', 'admin123@mail.ru', true, true, '2025-10-15 10:59:11.384411+00');


--
-- Data for Name: auth_user_groups; Type: TABLE DATA; Schema: public; Owner: library_user
--

INSERT INTO public.auth_user_groups VALUES (1, 2, 1);
INSERT INTO public.auth_user_groups VALUES (2, 3, 1);


--
-- Data for Name: auth_user_user_permissions; Type: TABLE DATA; Schema: public; Owner: library_user
--



--
-- Data for Name: django_admin_log; Type: TABLE DATA; Schema: public; Owner: library_user
--

INSERT INTO public.django_admin_log VALUES (1, '2025-10-15 10:59:48.980427+00', '1', 'Классика', 1, '[{"added": {}}]', 9, 1);
INSERT INTO public.django_admin_log VALUES (2, '2025-10-15 11:00:03.895324+00', '2', 'Фэнтези', 1, '[{"added": {}}]', 9, 1);
INSERT INTO public.django_admin_log VALUES (3, '2025-10-15 11:00:10.422736+00', '3', 'Приключения', 1, '[{"added": {}}]', 9, 1);
INSERT INTO public.django_admin_log VALUES (4, '2025-10-15 11:00:51.640482+00', '1', 'Лев Николаевич Толстой', 1, '[{"added": {}}]', 7, 1);
INSERT INTO public.django_admin_log VALUES (5, '2025-10-15 11:01:28.239482+00', '2', 'Джоан Роулинг', 1, '[{"added": {}}]', 7, 1);
INSERT INTO public.django_admin_log VALUES (6, '2025-10-15 11:01:47.902515+00', '3', 'Джек Лондон', 1, '[{"added": {}}]', 7, 1);
INSERT INTO public.django_admin_log VALUES (7, '2025-10-15 11:02:29.742361+00', '1', 'Гарри Поттер и философский камень', 1, '[{"added": {}}]', 8, 1);
INSERT INTO public.django_admin_log VALUES (8, '2025-10-15 11:03:04.722956+00', '2', 'Белый Клык', 1, '[{"added": {}}]', 8, 1);
INSERT INTO public.django_admin_log VALUES (9, '2025-10-15 11:03:33.276119+00', '3', 'Анна Каренина', 1, '[{"added": {}}]', 8, 1);
INSERT INTO public.django_admin_log VALUES (10, '2025-10-15 11:03:54.056407+00', '4', 'Война и мир', 1, '[{"added": {}}]', 8, 1);
INSERT INTO public.django_admin_log VALUES (11, '2025-10-15 11:04:21.622803+00', '1', 'Librarians', 1, '[{"added": {}}]', 3, 1);
INSERT INTO public.django_admin_log VALUES (12, '2025-10-15 11:04:42.666619+00', '2', 'Ivan', 1, '[{"added": {}}]', 4, 1);
INSERT INTO public.django_admin_log VALUES (13, '2025-10-15 11:05:11.71157+00', '2', 'Ivan', 2, '[{"changed": {"fields": ["First name", "Last name", "Email address", "Staff status", "Groups"]}}]', 4, 1);
INSERT INTO public.django_admin_log VALUES (14, '2025-10-16 11:40:54.902016+00', '3', 'Masha', 1, '[{"added": {}}]', 4, 1);
INSERT INTO public.django_admin_log VALUES (15, '2025-10-16 11:41:33.423428+00', '3', 'Masha', 2, '[{"changed": {"fields": ["First name", "Last name", "Email address", "Staff status", "Groups", "Last login"]}}]', 4, 1);
INSERT INTO public.django_admin_log VALUES (47, '2025-10-16 11:55:39.909089+00', '4', 'Тургенев Иван Сергеевич', 1, '[{"added": {}}]', 7, 3);
INSERT INTO public.django_admin_log VALUES (48, '2025-10-16 11:56:00.350647+00', '5', 'Гончаров Иван Александрович', 1, '[{"added": {}}]', 7, 3);
INSERT INTO public.django_admin_log VALUES (49, '2025-10-16 11:56:18.45545+00', '6', 'Пушкин Александр Сергеевич', 1, '[{"added": {}}]', 7, 3);
INSERT INTO public.django_admin_log VALUES (50, '2025-10-16 11:56:29.6625+00', '7', 'Лермонтов Михаил Юрьевич', 1, '[{"added": {}}]', 7, 3);
INSERT INTO public.django_admin_log VALUES (51, '2025-10-16 11:56:41.698619+00', '8', 'Булгаков Михаил Афанасьевич', 1, '[{"added": {}}]', 7, 3);
INSERT INTO public.django_admin_log VALUES (52, '2025-10-16 11:56:53.205321+00', '9', 'Брэм Стокер', 1, '[{"added": {}}]', 7, 3);
INSERT INTO public.django_admin_log VALUES (53, '2025-10-16 11:57:07.763589+00', '10', 'Шекспир', 1, '[{"added": {}}]', 7, 3);
INSERT INTO public.django_admin_log VALUES (54, '2025-10-16 11:57:20.052722+00', '11', 'Агата Кристи', 1, '[{"added": {}}]', 7, 3);
INSERT INTO public.django_admin_log VALUES (55, '2025-10-16 11:57:33.429775+00', '4', 'Зарубежная литература', 1, '[{"added": {}}]', 9, 3);
INSERT INTO public.django_admin_log VALUES (56, '2025-10-16 11:57:44.490683+00', '5', 'Роман', 1, '[{"added": {}}]', 9, 3);
INSERT INTO public.django_admin_log VALUES (57, '2025-10-16 11:57:52.143015+00', '6', 'Путешествия', 1, '[{"added": {}}]', 9, 3);
INSERT INTO public.django_admin_log VALUES (58, '2025-10-16 11:58:01.407585+00', '7', 'Сатира', 1, '[{"added": {}}]', 9, 3);
INSERT INTO public.django_admin_log VALUES (59, '2025-10-16 12:01:19.929253+00', '5', 'Отцы и дети', 1, '[{"added": {}}]', 8, 3);
INSERT INTO public.django_admin_log VALUES (60, '2025-10-16 12:01:52.656907+00', '6', 'Записки охотника', 1, '[{"added": {}}]', 8, 3);
INSERT INTO public.django_admin_log VALUES (61, '2025-10-16 12:02:48.159477+00', '7', 'Дракула', 1, '[{"added": {}}]', 8, 3);
INSERT INTO public.django_admin_log VALUES (62, '2025-10-16 12:03:07.344558+00', '8', 'Детектив', 1, '[{"added": {}}]', 9, 3);
INSERT INTO public.django_admin_log VALUES (63, '2025-10-16 12:03:43.002468+00', '8', 'Десять негритят', 1, '[{"added": {}}]', 8, 3);
INSERT INTO public.django_admin_log VALUES (64, '2025-10-16 12:04:17.742021+00', '9', 'Убийство в восточном экспрессе', 1, '[{"added": {}}]', 8, 3);
INSERT INTO public.django_admin_log VALUES (65, '2025-10-16 12:04:52.533488+00', '10', 'Евгений Онегин', 1, '[{"added": {}}]', 8, 3);
INSERT INTO public.django_admin_log VALUES (66, '2025-10-16 12:05:19.855467+00', '11', 'Герой нашего времени', 1, '[{"added": {}}]', 8, 3);
INSERT INTO public.django_admin_log VALUES (67, '2025-10-16 12:05:43.736641+00', '12', 'Обломов', 1, '[{"added": {}}]', 8, 3);
INSERT INTO public.django_admin_log VALUES (68, '2025-10-16 12:06:10.535118+00', '13', 'Обрыв', 1, '[{"added": {}}]', 8, 3);
INSERT INTO public.django_admin_log VALUES (69, '2025-10-17 08:48:10.259063+00', '1', 'Гарри Поттер и философский камень -> Сидоров Иван', 1, '[{"added": {}}]', 10, 3);
INSERT INTO public.django_admin_log VALUES (70, '2025-10-17 10:17:20.192404+00', '2', 'Белый Клык -> Саша Иванов', 1, '[{"added": {}}]', 10, 3);
INSERT INTO public.django_admin_log VALUES (71, '2025-10-17 10:33:51.463735+00', '3', 'Война и мир -> Дарья Васильева', 1, '[{"added": {}}]', 10, 3);
INSERT INTO public.django_admin_log VALUES (72, '2025-10-17 10:36:08.425145+00', '4', 'Отцы и дети -> Юля Николаева', 1, '[{"added": {}}]', 10, 3);
INSERT INTO public.django_admin_log VALUES (73, '2025-10-17 10:44:52.462174+00', '3', 'Война и мир -> Дарья Васильева', 3, '', 10, 3);
INSERT INTO public.django_admin_log VALUES (74, '2025-10-17 10:49:42.673622+00', '1', 'Гарри Поттер и философский камень -> Сидоров Иван', 3, '', 10, 3);
INSERT INTO public.django_admin_log VALUES (75, '2025-10-17 10:49:46.960859+00', '2', 'Белый Клык -> Саша Иванов', 3, '', 10, 3);
INSERT INTO public.django_admin_log VALUES (76, '2025-10-17 10:49:51.223775+00', '4', 'Отцы и дети -> Юля Николаева', 3, '', 10, 3);
INSERT INTO public.django_admin_log VALUES (77, '2025-10-17 10:50:02.695269+00', '5', 'Записки охотника -> Сидоров Иван', 1, '[{"added": {}}]', 10, 3);
INSERT INTO public.django_admin_log VALUES (78, '2025-10-17 10:54:24.279085+00', '5', 'Гарри Поттер и философский камень -> Сидоров Иван', 2, '[{"changed": {"fields": ["\u041a\u043d\u0438\u0433\u0430"]}}]', 10, 3);
INSERT INTO public.django_admin_log VALUES (79, '2025-10-21 13:38:29.989828+00', '6', 'Война и мир -> Саша Иванов', 1, '[{"added": {}}]', 10, 3);
INSERT INTO public.django_admin_log VALUES (80, '2025-10-26 14:50:19.094887+00', '14', 'Мастер и Маргарита', 1, '[{"added": {}}]', 8, 3);
INSERT INTO public.django_admin_log VALUES (81, '2025-10-27 15:17:01.703848+00', '10', 'Уильям Шекспир', 2, '[{"changed": {"fields": ["\u0418\u043c\u044f \u0430\u0432\u0442\u043e\u0440\u0430"]}}]', 7, 1);
INSERT INTO public.django_admin_log VALUES (82, '2025-10-27 15:17:16.367643+00', '9', 'Брэм Стокер', 2, '[]', 7, 1);
INSERT INTO public.django_admin_log VALUES (83, '2025-10-27 15:17:28.005051+00', '8', 'Булгаков Михаил Афанасьевич', 2, '[]', 7, 1);
INSERT INTO public.django_admin_log VALUES (84, '2025-10-27 15:17:40.46175+00', '7', 'Лермонтов Михаил Юрьевич', 2, '[]', 7, 1);
INSERT INTO public.django_admin_log VALUES (85, '2025-10-27 15:17:50.050476+00', '6', 'Пушкин Александр Сергеевич', 2, '[]', 7, 1);
INSERT INTO public.django_admin_log VALUES (86, '2025-10-27 15:17:59.717237+00', '5', 'Гончаров Иван Александрович', 2, '[]', 7, 1);
INSERT INTO public.django_admin_log VALUES (87, '2025-10-27 15:18:10.180582+00', '4', 'Тургенев Иван Сергеевич', 2, '[]', 7, 1);
INSERT INTO public.django_admin_log VALUES (88, '2025-10-27 15:18:20.316049+00', '3', 'Джек Лондон', 2, '[]', 7, 1);
INSERT INTO public.django_admin_log VALUES (89, '2025-10-27 15:18:43.022067+00', '2', 'Джоан Роулинг', 2, '[]', 7, 1);
INSERT INTO public.django_admin_log VALUES (90, '2025-10-27 15:19:30.062218+00', '1', 'Гарри Поттер и философский камень', 2, '[]', 8, 1);
INSERT INTO public.django_admin_log VALUES (91, '2025-10-27 15:20:39.704593+00', '14', 'Мастер и Маргарита', 2, '[]', 8, 1);
INSERT INTO public.django_admin_log VALUES (92, '2025-10-27 15:21:12.448191+00', '13', 'Обрыв', 2, '[]', 8, 1);
INSERT INTO public.django_admin_log VALUES (93, '2025-10-28 09:13:52.417195+00', '11', 'Герой нашего времени', 2, '[]', 8, 1);
INSERT INTO public.django_admin_log VALUES (94, '2025-10-28 09:14:26.291971+00', '10', 'Евгений Онегин', 2, '[]', 8, 1);
INSERT INTO public.django_admin_log VALUES (95, '2025-10-28 09:15:15.231463+00', '9', 'Убийство в восточном экспрессе', 2, '[]', 8, 1);
INSERT INTO public.django_admin_log VALUES (96, '2025-10-28 09:15:42.667686+00', '8', 'Десять негритят', 2, '[]', 8, 1);
INSERT INTO public.django_admin_log VALUES (97, '2025-10-28 09:16:12.948042+00', '7', 'Дракула', 2, '[]', 8, 1);
INSERT INTO public.django_admin_log VALUES (98, '2025-10-28 09:16:42.020609+00', '6', 'Записки охотника', 2, '[]', 8, 1);
INSERT INTO public.django_admin_log VALUES (99, '2025-10-28 09:17:18.694451+00', '5', 'Отцы и дети', 2, '[]', 8, 1);
INSERT INTO public.django_admin_log VALUES (100, '2025-10-28 09:17:52.541701+00', '4', 'Война и мир', 2, '[{"changed": {"fields": ["\u0416\u0430\u043d\u0440\u044b"]}}]', 8, 1);
INSERT INTO public.django_admin_log VALUES (101, '2025-10-28 09:18:25.639919+00', '3', 'Анна Каренина', 2, '[{"changed": {"fields": ["\u0416\u0430\u043d\u0440\u044b"]}}]', 8, 1);
INSERT INTO public.django_admin_log VALUES (102, '2025-10-28 09:19:02.100039+00', '2', 'Белый Клык', 2, '[{"changed": {"fields": ["\u0416\u0430\u043d\u0440\u044b"]}}]', 8, 1);
INSERT INTO public.django_admin_log VALUES (103, '2025-10-28 09:19:12.125534+00', '1', 'Гарри Поттер и философский камень', 2, '[{"changed": {"fields": ["\u0416\u0430\u043d\u0440\u044b"]}}]', 8, 1);
INSERT INTO public.django_admin_log VALUES (104, '2025-10-28 09:19:21.668359+00', '7', 'Дракула', 2, '[]', 8, 1);
INSERT INTO public.django_admin_log VALUES (105, '2025-10-28 09:19:25.291377+00', '11', 'Герой нашего времени', 2, '[]', 8, 1);
INSERT INTO public.django_admin_log VALUES (106, '2025-10-28 09:19:28.360759+00', '14', 'Мастер и Маргарита', 2, '[]', 8, 1);
INSERT INTO public.django_admin_log VALUES (107, '2025-10-28 09:19:32.071896+00', '13', 'Обрыв', 2, '[]', 8, 1);
INSERT INTO public.django_admin_log VALUES (108, '2025-10-28 09:19:35.532394+00', '12', 'Обломов', 2, '[]', 8, 1);
INSERT INTO public.django_admin_log VALUES (109, '2025-10-28 09:19:39.046946+00', '10', 'Евгений Онегин', 2, '[]', 8, 1);
INSERT INTO public.django_admin_log VALUES (110, '2025-10-28 09:19:46.322793+00', '9', 'Убийство в восточном экспрессе', 2, '[{"changed": {"fields": ["\u0416\u0430\u043d\u0440\u044b"]}}]', 8, 1);
INSERT INTO public.django_admin_log VALUES (111, '2025-10-28 09:19:51.822766+00', '8', 'Десять негритят', 2, '[{"changed": {"fields": ["\u0416\u0430\u043d\u0440\u044b"]}}]', 8, 1);
INSERT INTO public.django_admin_log VALUES (112, '2025-10-28 09:19:56.439365+00', '7', 'Дракула', 2, '[]', 8, 1);
INSERT INTO public.django_admin_log VALUES (113, '2025-10-28 09:20:03.005971+00', '6', 'Записки охотника', 2, '[]', 8, 1);
INSERT INTO public.django_admin_log VALUES (114, '2025-10-28 09:20:11.195678+00', '5', 'Отцы и дети', 2, '[{"changed": {"fields": ["\u0416\u0430\u043d\u0440\u044b"]}}]', 8, 1);
INSERT INTO public.django_admin_log VALUES (115, '2025-10-28 16:21:21.614756+00', '15', 'Дворянское гнездо', 1, '[{"added": {}}]', 8, 1);
INSERT INTO public.django_admin_log VALUES (116, '2025-10-28 16:23:57.529157+00', '16', 'Капитанская дочка', 1, '[{"added": {}}]', 8, 1);
INSERT INTO public.django_admin_log VALUES (117, '2025-10-29 10:44:02.907494+00', '7', 'Дракула', 2, '[{"changed": {"fields": ["\u041e\u043f\u0438\u0441\u0430\u043d\u0438\u0435"]}}]', 8, 1);
INSERT INTO public.django_admin_log VALUES (118, '2025-10-29 10:54:16.747794+00', '1', 'Гарри Поттер и философский камень', 2, '[]', 8, 1);
INSERT INTO public.django_admin_log VALUES (119, '2025-10-29 10:56:19.289079+00', '17', 'Гарри Поттер и тайная комната', 1, '[{"added": {}}]', 8, 1);
INSERT INTO public.django_admin_log VALUES (120, '2025-10-29 10:56:45.80457+00', '18', 'Гарри Поттер и узник Азкабана', 1, '[{"added": {}}]', 8, 1);
INSERT INTO public.django_admin_log VALUES (121, '2025-10-29 10:57:06.47076+00', '18', 'Гарри Поттер и узник Азкабана', 2, '[{"changed": {"fields": ["\u041e\u043f\u0438\u0441\u0430\u043d\u0438\u0435"]}}]', 8, 1);
INSERT INTO public.django_admin_log VALUES (122, '2025-10-29 10:57:30.905852+00', '17', 'Гарри Поттер и тайная комната', 2, '[{"changed": {"fields": ["\u041e\u043f\u0438\u0441\u0430\u043d\u0438\u0435"]}}]', 8, 1);
INSERT INTO public.django_admin_log VALUES (123, '2025-10-29 10:58:31.912527+00', '19', 'Гарри Поттер и кубок огня', 1, '[{"added": {}}]', 8, 1);
INSERT INTO public.django_admin_log VALUES (124, '2025-10-29 10:59:32.707498+00', '20', 'Гарри Поттер и орден феникса', 1, '[{"added": {}}]', 8, 1);
INSERT INTO public.django_admin_log VALUES (125, '2025-10-29 11:01:11.382473+00', '20', 'Гарри Поттер и орден феникса', 2, '[{"changed": {"fields": ["\u041e\u043f\u0438\u0441\u0430\u043d\u0438\u0435"]}}]', 8, 1);
INSERT INTO public.django_admin_log VALUES (126, '2025-10-29 11:01:44.905101+00', '21', 'Гарри Поттер и принц полукровка', 1, '[{"added": {}}]', 8, 1);
INSERT INTO public.django_admin_log VALUES (127, '2025-10-29 11:02:27.556584+00', '22', 'Гарри Поттер и Дары смерти', 1, '[{"added": {}}]', 8, 1);
INSERT INTO public.django_admin_log VALUES (128, '2025-10-29 11:02:34.973089+00', '21', 'Гарри Поттер и Принц полукровка', 2, '[{"changed": {"fields": ["\u041d\u0430\u0437\u0432\u0430\u043d\u0438\u0435"]}}]', 8, 1);
INSERT INTO public.django_admin_log VALUES (129, '2025-10-29 11:02:40.825676+00', '20', 'Гарри Поттер и Орден феникса', 2, '[{"changed": {"fields": ["\u041d\u0430\u0437\u0432\u0430\u043d\u0438\u0435"]}}]', 8, 1);
INSERT INTO public.django_admin_log VALUES (130, '2025-10-29 11:02:46.513948+00', '19', 'Гарри Поттер и Кубок огня', 2, '[{"changed": {"fields": ["\u041d\u0430\u0437\u0432\u0430\u043d\u0438\u0435"]}}]', 8, 1);
INSERT INTO public.django_admin_log VALUES (131, '2025-10-29 11:02:51.111146+00', '18', 'Гарри Поттер и Узник Азкабана', 2, '[{"changed": {"fields": ["\u041d\u0430\u0437\u0432\u0430\u043d\u0438\u0435"]}}]', 8, 1);
INSERT INTO public.django_admin_log VALUES (132, '2025-10-29 11:02:58.243664+00', '17', 'Гарри Поттер и Тайная комната', 2, '[{"changed": {"fields": ["\u041d\u0430\u0437\u0432\u0430\u043d\u0438\u0435"]}}]', 8, 1);
INSERT INTO public.django_admin_log VALUES (133, '2025-10-29 11:03:07.260423+00', '1', 'Гарри Поттер и Философский камень', 2, '[{"changed": {"fields": ["\u041d\u0430\u0437\u0432\u0430\u043d\u0438\u0435"]}}]', 8, 1);
INSERT INTO public.django_admin_log VALUES (134, '2025-10-29 13:23:38.969597+00', '12', 'Бунин Иван Алексеевич', 1, '[{"added": {}}]', 7, 3);
INSERT INTO public.django_admin_log VALUES (135, '2025-10-29 13:39:29.001671+00', '1', 'Лев Николаевич Толстой', 2, '[]', 7, 3);
INSERT INTO public.django_admin_log VALUES (168, '2025-10-29 18:43:49.734987+00', '23', 'Рудин', 1, '[{"added": {}}]', 8, 3);
INSERT INTO public.django_admin_log VALUES (169, '2025-10-29 18:44:13.99959+00', '13', 'Достоевский Фёдор Михайлович', 1, '[{"added": {}}]', 7, 3);
INSERT INTO public.django_admin_log VALUES (170, '2025-10-29 18:46:34.856257+00', '24', 'Преступление и наказание', 1, '[{"added": {}}]', 8, 3);
INSERT INTO public.django_admin_log VALUES (171, '2025-10-29 18:47:41.907959+00', '25', 'Записки из мёртвого дома', 1, '[{"added": {}}]', 8, 3);
INSERT INTO public.django_admin_log VALUES (172, '2025-10-31 11:58:50.587149+00', '7', 'Дракула -> Сидоров Иван', 1, '[{"added": {}}]', 10, 3);
INSERT INTO public.django_admin_log VALUES (205, '2025-11-05 06:38:44.624522+00', '40', 'Евгений Онегин -> А', 1, '[{"added": {}}]', 10, 3);


--
-- Data for Name: django_content_type; Type: TABLE DATA; Schema: public; Owner: library_user
--

INSERT INTO public.django_content_type VALUES (1, 'admin', 'logentry');
INSERT INTO public.django_content_type VALUES (2, 'auth', 'permission');
INSERT INTO public.django_content_type VALUES (3, 'auth', 'group');
INSERT INTO public.django_content_type VALUES (4, 'auth', 'user');
INSERT INTO public.django_content_type VALUES (5, 'contenttypes', 'contenttype');
INSERT INTO public.django_content_type VALUES (6, 'sessions', 'session');
INSERT INTO public.django_content_type VALUES (7, 'library_app', 'author');
INSERT INTO public.django_content_type VALUES (8, 'library_app', 'book');
INSERT INTO public.django_content_type VALUES (9, 'library_app', 'genre');
INSERT INTO public.django_content_type VALUES (10, 'library_app', 'borrowing');


--
-- Data for Name: django_migrations; Type: TABLE DATA; Schema: public; Owner: library_user
--

INSERT INTO public.django_migrations VALUES (1, 'contenttypes', '0001_initial', '2025-10-15 10:56:54.957855+00');
INSERT INTO public.django_migrations VALUES (2, 'auth', '0001_initial', '2025-10-15 10:56:55.061455+00');
INSERT INTO public.django_migrations VALUES (3, 'admin', '0001_initial', '2025-10-15 10:56:55.088666+00');
INSERT INTO public.django_migrations VALUES (4, 'admin', '0002_logentry_remove_auto_add', '2025-10-15 10:56:55.100882+00');
INSERT INTO public.django_migrations VALUES (5, 'admin', '0003_logentry_add_action_flag_choices', '2025-10-15 10:56:55.143437+00');
INSERT INTO public.django_migrations VALUES (6, 'contenttypes', '0002_remove_content_type_name', '2025-10-15 10:56:55.16733+00');
INSERT INTO public.django_migrations VALUES (7, 'auth', '0002_alter_permission_name_max_length', '2025-10-15 10:56:55.178725+00');
INSERT INTO public.django_migrations VALUES (8, 'auth', '0003_alter_user_email_max_length', '2025-10-15 10:56:55.189671+00');
INSERT INTO public.django_migrations VALUES (9, 'auth', '0004_alter_user_username_opts', '2025-10-15 10:56:55.199314+00');
INSERT INTO public.django_migrations VALUES (10, 'auth', '0005_alter_user_last_login_null', '2025-10-15 10:56:55.212225+00');
INSERT INTO public.django_migrations VALUES (11, 'auth', '0006_require_contenttypes_0002', '2025-10-15 10:56:55.214862+00');
INSERT INTO public.django_migrations VALUES (12, 'auth', '0007_alter_validators_add_error_messages', '2025-10-15 10:56:55.226725+00');
INSERT INTO public.django_migrations VALUES (13, 'auth', '0008_alter_user_username_max_length', '2025-10-15 10:56:55.24936+00');
INSERT INTO public.django_migrations VALUES (14, 'auth', '0009_alter_user_last_name_max_length', '2025-10-15 10:56:55.259592+00');
INSERT INTO public.django_migrations VALUES (15, 'auth', '0010_alter_group_name_max_length', '2025-10-15 10:56:55.272344+00');
INSERT INTO public.django_migrations VALUES (16, 'auth', '0011_update_proxy_permissions', '2025-10-15 10:56:55.28343+00');
INSERT INTO public.django_migrations VALUES (17, 'auth', '0012_alter_user_first_name_max_length', '2025-10-15 10:56:55.295467+00');
INSERT INTO public.django_migrations VALUES (18, 'library_app', '0001_initial', '2025-10-15 10:56:55.33095+00');
INSERT INTO public.django_migrations VALUES (19, 'sessions', '0001_initial', '2025-10-15 10:56:55.349664+00');
INSERT INTO public.django_migrations VALUES (20, 'library_app', '0002_genre_remove_book_genre_borrowing_book_genre', '2025-10-15 10:58:19.240617+00');


--
-- Data for Name: django_session; Type: TABLE DATA; Schema: public; Owner: library_user
--

INSERT INTO public.django_session VALUES ('udp77nis8q4ny0x6twug1nqaw34vkv0p', '.eJxVjEEOgjAQRe_StWmw0ymtS_ecgcxMR4saSCisjHcXEha6_e-9_zY9rUvp16pzP2RzMWBOvxuTPHXcQX7QeJ-sTOMyD2x3xR602m7K-roe7t9BoVq2Gp0EYgSI2iogtaiiZ0oQowdBhCZ4lCQQPN1iZK-b3WTHkV2SJpvPF9n5N9Y:1vBTBC:2TBii8XrY8mbMFczqVSeZbajmOOpfv8mz6bgBphqt1U', '2025-11-05 07:22:42.167091+00');


--
-- Data for Name: library_app_author; Type: TABLE DATA; Schema: public; Owner: library_user
--

INSERT INTO public.library_app_author VALUES (9, 'Брэм Стокер', 'Ирландский писатель викторианской эпохи, представитель готического романа и литературы ужасов. Его стиль опирается на атмосферу тайны, мистики и психологического напряжения. Стокер обновил жанр ужасов, создав архетип современного вампира, и оказал долговременное влияние на популярную культуру и жанровую литературу.');
INSERT INTO public.library_app_author VALUES (8, 'Булгаков Михаил Афанасьевич', 'Советский писатель, работавший в жанрах сатирической прозы, фантастики и философской аллегории. Его стиль сочетает гротеск, мистику, иронию и трагизм. Булгаков создал уникальный синтез реализма и фантастики, оказав значительное влияние на развитие русской литературы XX века, особенно в условиях цензуры и идеологического давления.');
INSERT INTO public.library_app_author VALUES (7, 'Лермонтов Михаил Юрьевич', 'Поэт и прозаик эпохи романтизма, продолжатель пушкинских традиций и один из создателей психологической прозы в России. Его творчество пронизано мотивами одиночества, свободы, внутреннего конфликта и скептицизма. Лермонтов обогатил русскую литературу глубоким анализом личности и предвосхитил многие черты реализма.');
INSERT INTO public.library_app_author VALUES (6, 'Пушкин Александр Сергеевич', 'Основоположник новой русской литературы, творивший в эпоху романтизма и раннего реализма. Он мастерски работал в самых разных жанрах — от лирической поэзии до прозы и драмы. Пушкин сформировал современный русский литературный язык и заложил основы национальной художественной традиции.');
INSERT INTO public.library_app_author VALUES (5, 'Гончаров Иван Александрович', 'Русский прозаик эпохи реализма, писавший преимущественно во второй половине XIX века. Его стиль — спокойный, детализированный, с глубоким вниманием к быту и характерам. Гончаров внёс значительный вклад в создание типажа «лишнего человека» и в развитие психологической прозы в России.');
INSERT INTO public.library_app_author VALUES (4, 'Тургенев Иван Сергеевич', 'Классик русской литературы эпохи реализма, писавший в середине XIX века. Его творчество отличается лиризмом, тонкой психологией, европейской культурной ориентацией и гуманистическим пафосом. Тургенев мастерски изображал внутренний мир героев и социальные конфликты своего времени, особенно поколенческие расколы. Он способствовал признанию русской литературы за рубежом.');
INSERT INTO public.library_app_author VALUES (3, 'Джек Лондон', 'Американский писатель конца XIX — начала XX века, работавший в жанрах приключенческой прозы, натурализма и социальной утопии. Его стиль сочетает динамику действия, суровый реализм и идеи социальной справедливости. Лондон одним из первых ввёл в литературу темы борьбы за выживание в дикой природе и конфликта человека с обществом, оказав влияние на развитие американской прозы.');
INSERT INTO public.library_app_author VALUES (1, 'Лев Николаевич Толстой', 'Один из величайших русских писателей XIX века, представитель реализма. Писал в эпоху социальных потрясений и стремился через литературу выразить истину о человеке, обществе и морали. Его проза отличается психологической глубиной, эпическим размахом и философской насыщенностью. Толстой сыграл ключевую роль в развитии мирового реализма и оказал влияние на последующие поколения писателей и мыслителей.');
INSERT INTO public.library_app_author VALUES (11, 'Агата Кристи', 'Британская писательница, классик детективного жанра XX века. Её стиль — лаконичный, логичный, с акцентом на интеллектуальную загадку и неожиданный финал. Кристи стандартизировала «классический детектив» с его уютной атмосферой и головоломкой, став одной из самых читаемых авторов в истории мировой литературы.');
INSERT INTO public.library_app_author VALUES (10, 'Уильям Шекспир', 'Величайший драматург и поэт эпохи английского Возрождения. Писал трагедии, комедии, исторические хроники и сонеты, сочетая поэтическую выразительность с глубоким знанием человеческой природы. Шекспир заложил основы современной драматургии и обогатил английский язык тысячами слов и выражений.');
INSERT INTO public.library_app_author VALUES (2, 'Джоан Роулинг', 'Британская писательница, ставшая всемирно известной благодаря серии книг о Гарри Поттере. Писала в конце XX — начале XXI века, в эпоху цифровых технологий, но обратилась к традиционным сюжетам мифологии, сказки и классического фэнтези. Её стиль — ясный, живой, сочетающий юмор, драму и моральные дилеммы, доступный как детям, так и взрослым. Роулинг возродила интерес к чтению среди молодёжи и переосмыслила жанр подросткового фэнтези, наполнив его глубиной, символикой и сложной этикой. Её вклад — не только в литературу, но и в мировую поп-культуру: «Гарри Поттер» стал трансмедийным феноменом. Несмотря на критику, её влияние на современную литературу и издательский рынок огромно.');
INSERT INTO public.library_app_author VALUES (12, 'Бунин Иван Алексеевич', 'Ива́н Алексе́евич Бу́нин — русский писатель, поэт и переводчик, лауреат Нобелевской премии по литературе 1933 года.

Будучи представителем обедневшей дворянской семьи, Бунин рано начал самостоятельную жизнь; в юношеские годы работал в газетах, канцеляриях, много странствовал. Первым из опубликованных произведений Бунина стало стихотворение «Над могилой С. Я. Надсона» (1887); первый стихотворный сборник вышел в свет в 1891 году в Орле. В 1903 году получил Пушкинскую премию за книгу «Листопад» и перевод «Песни о Гайавате»; в 1909 году был повторно удостоен этой награды за 3-й и 4-й тома Собрания сочинений. В 1909 году избран почётным академиком по разряду изящной словесности Императорской Санкт-Петербургской академии наук. В 1920 году эмигрировал во Францию. Автор романа «Жизнь Арсеньева», повестей «Суходол», «Деревня», «Митина любовь», рассказов «Господин из Сан-Франциско» (1914—1915), «Лёгкое дыхание», «Антоновские яблоки» (1900), дневниковых записей «Окаянные дни» (1918—1920), «Солнечный удар» (1925), сборника рассказов «Тёмные аллеи» (1937—1945 и 1953) и других произведений.

В 1933 году Иван Бунин — первым из русских писателей — стал лауреатом Нобелевской премии по литературе за «строгое мастерство, с которым он развивает традиции русской классической прозы».');
INSERT INTO public.library_app_author VALUES (13, 'Достоевский Фёдор Михайлович', 'Фёдор Михайлович Достоевский (1821–1881) — один из величайших русских писателей и мыслителей. Родился в Москве в семье врача. В 1849 году был арестован за участие в кружке петрашевцев, приговорён к смертной казни (заменённой в последний момент на каторгу). Четыре года провёл в остроге в Омске, затем служил в армии. Эти годы глубоко повлияли на его мировоззрение. В творчестве Достоевского центральны темы веры, свободы, страдания, совести и борьбы добра и зла в душе человека.');


--
-- Data for Name: library_app_book; Type: TABLE DATA; Schema: public; Owner: library_user
--

INSERT INTO public.library_app_book VALUES (7, 'Дракула', 1897, '189718971', 'История и загадка Дракулы более ста лет будоражат воображение писателей, переводчиков, режиссёров, актёров, аниматоров. Роман «Дракула» Брэма Стокера не просто пугающий приключенческий роман — в нём множество секретов и скрытых смыслов, он изменил ход развития мировой литературы. По нему сняты десятки фильмов, и продолжают выходить всё новые и новые экранизации.', false, 9);
INSERT INTO public.library_app_book VALUES (6, 'Записки охотника', 1852, '185218521', 'Цикл рассказов, написанных от лица земского дворянина, путешествующего по деревням. Через наблюдения за крестьянами, помещиками и природой Тургенев показывает красоту русской жизни и жестокость крепостного права. Каждый рассказ — миниатюра с глубоким психологизмом и лиризмом. Автор не осуждает, а позволяет читателю увидеть правду через детали быта и характеры. Эти записки стали важным шагом к отмене крепостничества и ярким примером социально-психологической прозы.', false, 4);
INSERT INTO public.library_app_book VALUES (5, 'Отцы и дети', 1862, '186218621', 'Роман о поколенческом конфликте в России 1860-х годов. Главный герой Евгений Базаров — нигилист, отрицающий традиции, искусство и романтизм. Через его столкновения с «отцами» и собственные чувства Тургенев исследует кризис интеллигенции, ценности нового времени и трагедию одиночества. Действие разворачивается в усадьбах и деревнях, где идеи сталкиваются с жизнью. В центре — поиск смысла в эпоху перемен. Произведение стало манифестом новой мысли и символом раскола поколений.', true, 4);
INSERT INTO public.library_app_book VALUES (13, 'Обрыв', 1869, '186918691', 'Роман о молодом дворянине Романе Волховском, который возвращается в родной город после долгого отсутствия и оказывается между двумя мирами — старым, уходящим, и новым, стремительным. Он влюблён в женщину, которая не может выбрать между ним и другим. Гончаров показывает кризис интеллигенции, разрыв между идеалами и реальностью, потерю опор в быстро меняющемся мире. Это продолжение темы «лишнего человека», но уже в эпоху реформ и новых вызовов.', true, 5);
INSERT INTO public.library_app_book VALUES (12, 'Обломов', 1859, '185918591', 'Роман о безвольном дворянине Илье Обломове, который мечтает о счастье, но не способен сделать шаг к нему. Его противоположность — энергичный Штольц, а любовь — простая и добрая Ольга. Гончаров исследует тему лени, мечтательности и утраты воли в русском обществе. «Обломовщина» стала символом пассивности и духовной апатии. Это не просто история одного человека — это диагноз целой эпохи.', true, 5);
INSERT INTO public.library_app_book VALUES (8, 'Десять негритят', 1939, '193919391', 'Детектив-загадка, в которой десять человек оказываются на изолированном острове и по очереди погибают — как в детской песенке. Никто не может выбраться, никто не знает, кто убийца. Кристи мастерски строит напряжение, скрывая преступника до последней страницы. Это не просто головоломка — здесь поднимаются темы справедливости, вины и возмездия. Роман считается одним из самых совершенных детективов всех времён.', true, 11);
INSERT INTO public.library_app_book VALUES (10, 'Евгений Онегин', 1833, '183318331', 'Роман в стихах о молодом дворянине Онегине, разочарованном в жизни, и девушке Татьяне Лариной, которая влюбляется в него. Пушкин показывает их судьбы на фоне светского Петербурга и провинциальной России. Через их отношения автор исследует темы одиночества, любви, свободы и упущенных возможностей. Стиль — изящный, ироничный, глубоко человечный. Это первый русский роман в стихах и образец высокой поэзии, сочетающей лирику и психологию.', false, 6);
INSERT INTO public.library_app_book VALUES (2, 'Белый Клык', 1906, '190619061', 'История волко-собачьего щенка Белого Клыка, родившегося в дикой природе Аляски. Он проходит путь от жестокости дикой жизни и жестоких хозяев к доброте и любви человека, который спасает его. Повесть показывает, как среда формирует характер: жестокость порождает агрессию, доброта — преданность. Лондон исследует темы инстинкта, выживания и приручения. Несмотря на животного в центре, это глубоко человеческая история о влиянии окружения на личность.', true, 3);
INSERT INTO public.library_app_book VALUES (11, 'Герой нашего времени', 1840, '184018401', 'Психологический роман о Печорине — молодом офицере, циничном, умном, скучающем и разочарованном в жизни. Его дневник раскрывает внутренние противоречия: желание любить и ненавидеть, быть свободным и чувствовать себя пленником своего характера. Лермонтов показывает тип «лишнего человека» — того, кто не нашёл места в обществе. Это первый в русской литературе психологический портрет, написанный с холодным анализом и глубокой эмпатией.', true, 7);
INSERT INTO public.library_app_book VALUES (9, 'Убийство в восточном экспрессе', 1934, '193419341', 'Детектив, действие которого происходит в роскошном поезде, застрявшем в снегу. На борту убит американский бизнесмен, и расследование ведёт Эркюль Пуаро — логик и психолог. Каждый пассажир имеет мотив, и все они связаны с прошлым жертвы. Кристи разрушает каноны жанра: убийца не один, а группа людей, действующих по принципу «правосудия». Это не просто загадка — философское размышление о морали и законе.', true, 11);
INSERT INTO public.library_app_book VALUES (14, 'Мастер и Маргарита', 1966, '196619667', 'В Москву прибывает дьявол со своей свитой, и начинается череда невероятных происшествий. Талантливый мастер томится в доме скорби, а его возлюбленная Маргарита пытается его спасти. Каждый из героев делает собственный выбор, который становится вкладом в вечную борьбу добра и зла.', true, 8);
INSERT INTO public.library_app_book VALUES (4, 'Война и мир', 1865, '186518651', 'Роман охватывает судьбы нескольких аристократических семей в эпоху Наполеоновских войн. Через призму личных переживаний героев — Пьера Безухова, Андрея Болконского, Наташи Ростовой — Толстой исследует вопросы войны, мира, любви, веры и смысла истории. Действие разворачивается на фоне великих исторических событий: Бородинского сражения, пожара Москвы, отступления французов. Автор противопоставляет официальную историю живому опыту человека. В центре — поиск истины, нравственного пути и гармонии. «Война и мир» сочетает эпическое повествование, философские размышления и глубокий психологизм. Это не просто роман, а масштабная попытка понять законы жизни целого народа. Произведение стало вершиной русского реализма и мировой литературы.', false, 1);
INSERT INTO public.library_app_book VALUES (3, 'Анна Каренина', 1875, '187518751', 'Роман рассказывает о трагической любви замужней женщины Анны Карениной к молодому офицеру Вронскому. Её выбор сталкивается с жёсткими нормами общества, что ведёт к внутреннему разрушению и гибели. Параллельно развивается линия Константина Левина — землевладельца, ищущего смысл жизни в труде, семье и вере. Толстой показывает противоречие между личным счастьем и социальными условностями. В центре — вопросы морали, долга, семьи и духовного поиска. Стиль прозы — глубоко психологичный, с тонким анализом переживаний героев. «Анна Каренина» считается одним из самых совершенных романов в мировой литературе.', true, 1);
INSERT INTO public.library_app_book VALUES (15, 'Дворянское гнездо', 1859, '185918595', 'Рассказ об отношениях главных героев и их глубоких чувствах, ставший сюжетной основой этого произведения, является едва ли не самой известной в русской литературе любовной историей с трагическим финалом, которая, тем не менее, оставляет светлые и высокие ощущения. Образ Лизы Калитиной, наряду с пушкинской Татьяной Лариной, принадлежит к наиболее возвышенным и обаятельным в отечественной словесности, а главный герой Федор Иванович Лаврецкий, мастерски изображенный как человек тонко мыслящий и тонко чувствующий, поистине символизирует дворянско-помещичью Россию.', true, 4);
INSERT INTO public.library_app_book VALUES (16, 'Капитанская дочка', 1836, '183618366', '«Капитанская дочка» — исторический роман Александра Сергеевича Пушкина, впервые опубликованный в 1836 году. Произведение повествует о событиях крестьянского восстания под предводительством Емельяна Пугачёва в XVIII веке.', true, 6);
INSERT INTO public.library_app_book VALUES (17, 'Гарри Поттер и Тайная комната', 1998, '199819981', 'Второй год Гарри в Хогвартсе омрачён загадочными нападениями: ученики оказываются в коме, а на стенах появляются предупреждения о «Тайной комнате». Гарри подозревают, ведь он умеет говорить на змее — редкий и пугающий дар. Вместе с друзьями он расследует древнюю легенду, раскрывая связь между собой и основателем Слизерина, а также тайну дневника Тома Реддла.', true, 2);
INSERT INTO public.library_app_book VALUES (1, 'Гарри Поттер и Философский камень', 1997, '199719971', 'Одиннадцатилетний мальчик Гарри Поттер, всю жизнь считавший себя обычным сиротой, узнаёт, что он — волшебник. Его приглашают учиться в Школу чародейства и волшебства Хогвартс, где он обретает друзей, врагов и первую настоящую семью. Вместе с Роном и Гермионой он раскрывает тайну Философского камня — артефакта, дающего бессмертие. За этим стоит тень Тёмного Лорда Волан-де-Морта, убившего родителей Гарри. Роман сочетает волшебство, дружбу, храбрость и противостояние добра и зла. Роулинг создаёт живой, детально проработанный мир магии, вписанный в реальность. Книга положила начало глобальной культурной феномену и возродила интерес детей к чтению. Это история о том, как обычный ребёнок обретает силу через любовь, выбор и верность себе.', false, 2);
INSERT INTO public.library_app_book VALUES (24, 'Преступление и наказание', 1866, '186618666', 'Преступление и наказание"  — одно из самых значительных произведений в истории мировой литературы. Это и глубокий филососфский роман, и тонкая психологическая драма, и захватывающий детектив, и величественная картина мрачного города, в недрах которого герои грешат и ищут прощения, жертвуют собой и отрекаются от себя ради ближних и находят успокоение в смирении, покаянии, вере. Главный герой романа Родион Раскольников решается на убийство, чтобы доказать себе и миру, что он не "тварь дрожащая", а "право имеет". Главным предметом исследования писателя становится процесс превращения добропорядочного, умного и доброго юноши в убийцу, а также то, как совершивший преступление Раскольников может искупить свою вину.', true, 13);
INSERT INTO public.library_app_book VALUES (25, 'Записки из мёртвого дома', 1860, '186018601', 'Азартный игрок и политический преступник, невротик и философ, «русский Ницше» — Ф.М. Достоевский стал одним из тех символов русской культуры, которые и по сей день определяют облик России во всем мире.
«Записки из Мертвого дома», написанные после возвращения из каторги — уникальный документ, рассказывающий о судьбах настоящих заключенных, которых писатель встречал на каторжных работах.', true, 13);
INSERT INTO public.library_app_book VALUES (22, 'Гарри Поттер и Дары смерти', 2007, '200720072', 'Гарри, Рон и Гермиона покидают школу и отправляются в опасное путешествие, чтобы найти и уничтожить источники силы Волан-де-Морта. Их ждёт испытание верой, дружбой и готовностью пожертвовать собой ради других.', true, 2);
INSERT INTO public.library_app_book VALUES (21, 'Гарри Поттер и Принц полукровка', 2005, '200520052', 'Под руководством Дамблдора Гарри изучает прошлое Волан-де-Морта, чтобы понять, как его победить. В то же время в Хогвартсе царит напряжение, а тайны прошлого начинают влиять на настоящее.', true, 2);
INSERT INTO public.library_app_book VALUES (20, 'Гарри Поттер и Орден феникса', 2003, '200320032', 'Министерство магии отрицает возвращение Тёмного Лорда, и Гарри остаётся один на один с правдой. Он объединяет друзей, чтобы готовиться к битве, но сталкивается с недоверием, пропагандой и растущей тьмой.', true, 2);
INSERT INTO public.library_app_book VALUES (19, 'Гарри Поттер и Кубок огня', 2000, '200020002', 'Гарри попадает в Турнир трёх волшебников, хотя ему ещё нет 17 лет. Подозрения, вражда и давление со стороны всего мира преследуют его, но он выживает благодаря храбрости и дружбе.Эта книга — поворотный момент: мир становится мрачнее, дети взрослеют, а зло перестаёт быть абстракцией.', true, 2);
INSERT INTO public.library_app_book VALUES (18, 'Гарри Поттер и Узник Азкабана', 1999, '199919999', 'Третий год Гарри ознаменован появлением опасного беглеца из тюрьмы Азкабан — Сириуса Блэка, которого считают предателем и убийцей его родителей. Но всё не так просто: Гарри узнаёт правду о своём прошлом, встречает своего крестного отца и понимает, что предатель — совсем другой человек. В этой книге впервые появляются дементоры — стражи Азкабана, пожирающие радость, и заклинание «Патронус», символ надежды.', true, 2);
INSERT INTO public.library_app_book VALUES (23, 'Рудин', 1856, '185618561', 'История интеллигента-«лишнего человека», полного вдохновляющих идей, но неспособного воплотить их в жизнь. Роман стал первым в череде «романов о лишних людях».', true, 4);


--
-- Data for Name: library_app_book_genre; Type: TABLE DATA; Schema: public; Owner: library_user
--

INSERT INTO public.library_app_book_genre VALUES (1, 1, 2);
INSERT INTO public.library_app_book_genre VALUES (2, 2, 3);
INSERT INTO public.library_app_book_genre VALUES (3, 3, 1);
INSERT INTO public.library_app_book_genre VALUES (4, 4, 1);
INSERT INTO public.library_app_book_genre VALUES (5, 5, 1);
INSERT INTO public.library_app_book_genre VALUES (6, 6, 1);
INSERT INTO public.library_app_book_genre VALUES (7, 6, 6);
INSERT INTO public.library_app_book_genre VALUES (8, 7, 2);
INSERT INTO public.library_app_book_genre VALUES (9, 7, 3);
INSERT INTO public.library_app_book_genre VALUES (10, 7, 4);
INSERT INTO public.library_app_book_genre VALUES (11, 8, 8);
INSERT INTO public.library_app_book_genre VALUES (12, 8, 5);
INSERT INTO public.library_app_book_genre VALUES (13, 9, 8);
INSERT INTO public.library_app_book_genre VALUES (14, 9, 5);
INSERT INTO public.library_app_book_genre VALUES (15, 10, 1);
INSERT INTO public.library_app_book_genre VALUES (16, 10, 5);
INSERT INTO public.library_app_book_genre VALUES (17, 11, 1);
INSERT INTO public.library_app_book_genre VALUES (18, 11, 5);
INSERT INTO public.library_app_book_genre VALUES (19, 12, 1);
INSERT INTO public.library_app_book_genre VALUES (20, 12, 5);
INSERT INTO public.library_app_book_genre VALUES (21, 13, 1);
INSERT INTO public.library_app_book_genre VALUES (22, 13, 5);
INSERT INTO public.library_app_book_genre VALUES (23, 14, 1);
INSERT INTO public.library_app_book_genre VALUES (24, 14, 5);
INSERT INTO public.library_app_book_genre VALUES (25, 14, 7);
INSERT INTO public.library_app_book_genre VALUES (26, 4, 5);
INSERT INTO public.library_app_book_genre VALUES (27, 3, 5);
INSERT INTO public.library_app_book_genre VALUES (28, 2, 4);
INSERT INTO public.library_app_book_genre VALUES (29, 1, 4);
INSERT INTO public.library_app_book_genre VALUES (30, 9, 4);
INSERT INTO public.library_app_book_genre VALUES (31, 8, 4);
INSERT INTO public.library_app_book_genre VALUES (32, 5, 5);
INSERT INTO public.library_app_book_genre VALUES (33, 15, 1);
INSERT INTO public.library_app_book_genre VALUES (34, 15, 5);
INSERT INTO public.library_app_book_genre VALUES (35, 16, 1);
INSERT INTO public.library_app_book_genre VALUES (36, 16, 5);
INSERT INTO public.library_app_book_genre VALUES (37, 17, 2);
INSERT INTO public.library_app_book_genre VALUES (38, 17, 4);
INSERT INTO public.library_app_book_genre VALUES (39, 18, 2);
INSERT INTO public.library_app_book_genre VALUES (40, 18, 4);
INSERT INTO public.library_app_book_genre VALUES (41, 19, 2);
INSERT INTO public.library_app_book_genre VALUES (42, 19, 4);
INSERT INTO public.library_app_book_genre VALUES (43, 20, 2);
INSERT INTO public.library_app_book_genre VALUES (44, 20, 4);
INSERT INTO public.library_app_book_genre VALUES (45, 21, 2);
INSERT INTO public.library_app_book_genre VALUES (46, 21, 4);
INSERT INTO public.library_app_book_genre VALUES (47, 22, 2);
INSERT INTO public.library_app_book_genre VALUES (48, 22, 4);
INSERT INTO public.library_app_book_genre VALUES (49, 23, 1);
INSERT INTO public.library_app_book_genre VALUES (50, 23, 5);
INSERT INTO public.library_app_book_genre VALUES (51, 24, 1);
INSERT INTO public.library_app_book_genre VALUES (52, 24, 5);
INSERT INTO public.library_app_book_genre VALUES (53, 25, 1);
INSERT INTO public.library_app_book_genre VALUES (54, 25, 5);


--
-- Data for Name: library_app_borrowing; Type: TABLE DATA; Schema: public; Owner: library_user
--

INSERT INTO public.library_app_borrowing VALUES (5, 'Сидоров Иван', 'SidorovIvan@mail.ru', '2025-10-17 10:50:02.686907+00', NULL, 1);
INSERT INTO public.library_app_borrowing VALUES (6, 'Саша Иванов', 'IvanovSasha@mail.ru', '2025-10-21 13:38:29.985576+00', NULL, 4);
INSERT INTO public.library_app_borrowing VALUES (7, 'Сидоров Иван', 'SidorovIvan@mail.ru', '2025-10-31 11:58:50.579191+00', NULL, 7);
INSERT INTO public.library_app_borrowing VALUES (40, 'А', 'Sidorov@mail.ru', '2025-11-05 06:38:44.616859+00', NULL, 10);


--
-- Data for Name: library_app_genre; Type: TABLE DATA; Schema: public; Owner: library_user
--

INSERT INTO public.library_app_genre VALUES (1, 'Классика');
INSERT INTO public.library_app_genre VALUES (2, 'Фэнтези');
INSERT INTO public.library_app_genre VALUES (3, 'Приключения');
INSERT INTO public.library_app_genre VALUES (4, 'Зарубежная литература');
INSERT INTO public.library_app_genre VALUES (5, 'Роман');
INSERT INTO public.library_app_genre VALUES (6, 'Путешествия');
INSERT INTO public.library_app_genre VALUES (7, 'Сатира');
INSERT INTO public.library_app_genre VALUES (8, 'Детектив');


--
-- Name: auth_group_id_seq; Type: SEQUENCE SET; Schema: public; Owner: library_user
--

SELECT pg_catalog.setval('public.auth_group_id_seq', 1, true);


--
-- Name: auth_group_permissions_id_seq; Type: SEQUENCE SET; Schema: public; Owner: library_user
--

SELECT pg_catalog.setval('public.auth_group_permissions_id_seq', 16, true);


--
-- Name: auth_permission_id_seq; Type: SEQUENCE SET; Schema: public; Owner: library_user
--

SELECT pg_catalog.setval('public.auth_permission_id_seq', 40, true);


--
-- Name: auth_user_groups_id_seq; Type: SEQUENCE SET; Schema: public; Owner: library_user
--

SELECT pg_catalog.setval('public.auth_user_groups_id_seq', 34, true);


--
-- Name: auth_user_id_seq; Type: SEQUENCE SET; Schema: public; Owner: library_user
--

SELECT pg_catalog.setval('public.auth_user_id_seq', 35, true);


--
-- Name: auth_user_user_permissions_id_seq; Type: SEQUENCE SET; Schema: public; Owner: library_user
--

SELECT pg_catalog.setval('public.auth_user_user_permissions_id_seq', 1, false);


--
-- Name: django_admin_log_id_seq; Type: SEQUENCE SET; Schema: public; Owner: library_user
--

SELECT pg_catalog.setval('public.django_admin_log_id_seq', 205, true);


--
-- Name: django_content_type_id_seq; Type: SEQUENCE SET; Schema: public; Owner: library_user
--

SELECT pg_catalog.setval('public.django_content_type_id_seq', 10, true);


--
-- Name: django_migrations_id_seq; Type: SEQUENCE SET; Schema: public; Owner: library_user
--

SELECT pg_catalog.setval('public.django_migrations_id_seq', 20, true);


--
-- Name: library_app_author_id_seq; Type: SEQUENCE SET; Schema: public; Owner: library_user
--

SELECT pg_catalog.setval('public.library_app_author_id_seq', 13, true);


--
-- Name: library_app_book_genre_id_seq; Type: SEQUENCE SET; Schema: public; Owner: library_user
--

SELECT pg_catalog.setval('public.library_app_book_genre_id_seq', 54, true);


--
-- Name: library_app_book_id_seq; Type: SEQUENCE SET; Schema: public; Owner: library_user
--

SELECT pg_catalog.setval('public.library_app_book_id_seq', 25, true);


--
-- Name: library_app_borrowing_id_seq; Type: SEQUENCE SET; Schema: public; Owner: library_user
--

SELECT pg_catalog.setval('public.library_app_borrowing_id_seq', 40, true);


--
-- Name: library_app_genre_id_seq; Type: SEQUENCE SET; Schema: public; Owner: library_user
--

SELECT pg_catalog.setval('public.library_app_genre_id_seq', 8, true);


--
-- Name: auth_group auth_group_name_key; Type: CONSTRAINT; Schema: public; Owner: library_user
--

ALTER TABLE ONLY public.auth_group
    ADD CONSTRAINT auth_group_name_key UNIQUE (name);


--
-- Name: auth_group_permissions auth_group_permissions_group_id_permission_id_0cd325b0_uniq; Type: CONSTRAINT; Schema: public; Owner: library_user
--

ALTER TABLE ONLY public.auth_group_permissions
    ADD CONSTRAINT auth_group_permissions_group_id_permission_id_0cd325b0_uniq UNIQUE (group_id, permission_id);


--
-- Name: auth_group_permissions auth_group_permissions_pkey; Type: CONSTRAINT; Schema: public; Owner: library_user
--

ALTER TABLE ONLY public.auth_group_permissions
    ADD CONSTRAINT auth_group_permissions_pkey PRIMARY KEY (id);


--
-- Name: auth_group auth_group_pkey; Type: CONSTRAINT; Schema: public; Owner: library_user
--

ALTER TABLE ONLY public.auth_group
    ADD CONSTRAINT auth_group_pkey PRIMARY KEY (id);


--
-- Name: auth_permission auth_permission_content_type_id_codename_01ab375a_uniq; Type: CONSTRAINT; Schema: public; Owner: library_user
--

ALTER TABLE ONLY public.auth_permission
    ADD CONSTRAINT auth_permission_content_type_id_codename_01ab375a_uniq UNIQUE (content_type_id, codename);


--
-- Name: auth_permission auth_permission_pkey; Type: CONSTRAINT; Schema: public; Owner: library_user
--

ALTER TABLE ONLY public.auth_permission
    ADD CONSTRAINT auth_permission_pkey PRIMARY KEY (id);


--
-- Name: auth_user_groups auth_user_groups_pkey; Type: CONSTRAINT; Schema: public; Owner: library_user
--

ALTER TABLE ONLY public.auth_user_groups
    ADD CONSTRAINT auth_user_groups_pkey PRIMARY KEY (id);


--
-- Name: auth_user_groups auth_user_groups_user_id_group_id_94350c0c_uniq; Type: CONSTRAINT; Schema: public; Owner: library_user
--

ALTER TABLE ONLY public.auth_user_groups
    ADD CONSTRAINT auth_user_groups_user_id_group_id_94350c0c_uniq UNIQUE (user_id, group_id);


--
-- Name: auth_user auth_user_pkey; Type: CONSTRAINT; Schema: public; Owner: library_user
--

ALTER TABLE ONLY public.auth_user
    ADD CONSTRAINT auth_user_pkey PRIMARY KEY (id);


--
-- Name: auth_user_user_permissions auth_user_user_permissions_pkey; Type: CONSTRAINT; Schema: public; Owner: library_user
--

ALTER TABLE ONLY public.auth_user_user_permissions
    ADD CONSTRAINT auth_user_user_permissions_pkey PRIMARY KEY (id);


--
-- Name: auth_user_user_permissions auth_user_user_permissions_user_id_permission_id_14a6b632_uniq; Type: CONSTRAINT; Schema: public; Owner: library_user
--

ALTER TABLE ONLY public.auth_user_user_permissions
    ADD CONSTRAINT auth_user_user_permissions_user_id_permission_id_14a6b632_uniq UNIQUE (user_id, permission_id);


--
-- Name: auth_user auth_user_username_key; Type: CONSTRAINT; Schema: public; Owner: library_user
--

ALTER TABLE ONLY public.auth_user
    ADD CONSTRAINT auth_user_username_key UNIQUE (username);


--
-- Name: django_admin_log django_admin_log_pkey; Type: CONSTRAINT; Schema: public; Owner: library_user
--

ALTER TABLE ONLY public.django_admin_log
    ADD CONSTRAINT django_admin_log_pkey PRIMARY KEY (id);


--
-- Name: django_content_type django_content_type_app_label_model_76bd3d3b_uniq; Type: CONSTRAINT; Schema: public; Owner: library_user
--

ALTER TABLE ONLY public.django_content_type
    ADD CONSTRAINT django_content_type_app_label_model_76bd3d3b_uniq UNIQUE (app_label, model);


--
-- Name: django_content_type django_content_type_pkey; Type: CONSTRAINT; Schema: public; Owner: library_user
--

ALTER TABLE ONLY public.django_content_type
    ADD CONSTRAINT django_content_type_pkey PRIMARY KEY (id);


--
-- Name: django_migrations django_migrations_pkey; Type: CONSTRAINT; Schema: public; Owner: library_user
--

ALTER TABLE ONLY public.django_migrations
    ADD CONSTRAINT django_migrations_pkey PRIMARY KEY (id);


--
-- Name: django_session django_session_pkey; Type: CONSTRAINT; Schema: public; Owner: library_user
--

ALTER TABLE ONLY public.django_session
    ADD CONSTRAINT django_session_pkey PRIMARY KEY (session_key);


--
-- Name: library_app_author library_app_author_pkey; Type: CONSTRAINT; Schema: public; Owner: library_user
--

ALTER TABLE ONLY public.library_app_author
    ADD CONSTRAINT library_app_author_pkey PRIMARY KEY (id);


--
-- Name: library_app_book_genre library_app_book_genre_book_id_genre_id_e6f88d4f_uniq; Type: CONSTRAINT; Schema: public; Owner: library_user
--

ALTER TABLE ONLY public.library_app_book_genre
    ADD CONSTRAINT library_app_book_genre_book_id_genre_id_e6f88d4f_uniq UNIQUE (book_id, genre_id);


--
-- Name: library_app_book_genre library_app_book_genre_pkey; Type: CONSTRAINT; Schema: public; Owner: library_user
--

ALTER TABLE ONLY public.library_app_book_genre
    ADD CONSTRAINT library_app_book_genre_pkey PRIMARY KEY (id);


--
-- Name: library_app_book library_app_book_isbn_key; Type: CONSTRAINT; Schema: public; Owner: library_user
--

ALTER TABLE ONLY public.library_app_book
    ADD CONSTRAINT library_app_book_isbn_key UNIQUE (isbn);


--
-- Name: library_app_book library_app_book_pkey; Type: CONSTRAINT; Schema: public; Owner: library_user
--

ALTER TABLE ONLY public.library_app_book
    ADD CONSTRAINT library_app_book_pkey PRIMARY KEY (id);


--
-- Name: library_app_borrowing library_app_borrowing_pkey; Type: CONSTRAINT; Schema: public; Owner: library_user
--

ALTER TABLE ONLY public.library_app_borrowing
    ADD CONSTRAINT library_app_borrowing_pkey PRIMARY KEY (id);


--
-- Name: library_app_genre library_app_genre_name_key; Type: CONSTRAINT; Schema: public; Owner: library_user
--

ALTER TABLE ONLY public.library_app_genre
    ADD CONSTRAINT library_app_genre_name_key UNIQUE (name);


--
-- Name: library_app_genre library_app_genre_pkey; Type: CONSTRAINT; Schema: public; Owner: library_user
--

ALTER TABLE ONLY public.library_app_genre
    ADD CONSTRAINT library_app_genre_pkey PRIMARY KEY (id);


--
-- Name: auth_group_name_a6ea08ec_like; Type: INDEX; Schema: public; Owner: library_user
--

CREATE INDEX auth_group_name_a6ea08ec_like ON public.auth_group USING btree (name varchar_pattern_ops);


--
-- Name: auth_group_permissions_group_id_b120cbf9; Type: INDEX; Schema: public; Owner: library_user
--

CREATE INDEX auth_group_permissions_group_id_b120cbf9 ON public.auth_group_permissions USING btree (group_id);


--
-- Name: auth_group_permissions_permission_id_84c5c92e; Type: INDEX; Schema: public; Owner: library_user
--

CREATE INDEX auth_group_permissions_permission_id_84c5c92e ON public.auth_group_permissions USING btree (permission_id);


--
-- Name: auth_permission_content_type_id_2f476e4b; Type: INDEX; Schema: public; Owner: library_user
--

CREATE INDEX auth_permission_content_type_id_2f476e4b ON public.auth_permission USING btree (content_type_id);


--
-- Name: auth_user_groups_group_id_97559544; Type: INDEX; Schema: public; Owner: library_user
--

CREATE INDEX auth_user_groups_group_id_97559544 ON public.auth_user_groups USING btree (group_id);


--
-- Name: auth_user_groups_user_id_6a12ed8b; Type: INDEX; Schema: public; Owner: library_user
--

CREATE INDEX auth_user_groups_user_id_6a12ed8b ON public.auth_user_groups USING btree (user_id);


--
-- Name: auth_user_user_permissions_permission_id_1fbb5f2c; Type: INDEX; Schema: public; Owner: library_user
--

CREATE INDEX auth_user_user_permissions_permission_id_1fbb5f2c ON public.auth_user_user_permissions USING btree (permission_id);


--
-- Name: auth_user_user_permissions_user_id_a95ead1b; Type: INDEX; Schema: public; Owner: library_user
--

CREATE INDEX auth_user_user_permissions_user_id_a95ead1b ON public.auth_user_user_permissions USING btree (user_id);


--
-- Name: auth_user_username_6821ab7c_like; Type: INDEX; Schema: public; Owner: library_user
--

CREATE INDEX auth_user_username_6821ab7c_like ON public.auth_user USING btree (username varchar_pattern_ops);


--
-- Name: django_admin_log_content_type_id_c4bce8eb; Type: INDEX; Schema: public; Owner: library_user
--

CREATE INDEX django_admin_log_content_type_id_c4bce8eb ON public.django_admin_log USING btree (content_type_id);


--
-- Name: django_admin_log_user_id_c564eba6; Type: INDEX; Schema: public; Owner: library_user
--

CREATE INDEX django_admin_log_user_id_c564eba6 ON public.django_admin_log USING btree (user_id);


--
-- Name: django_session_expire_date_a5c62663; Type: INDEX; Schema: public; Owner: library_user
--

CREATE INDEX django_session_expire_date_a5c62663 ON public.django_session USING btree (expire_date);


--
-- Name: django_session_session_key_c0390e0f_like; Type: INDEX; Schema: public; Owner: library_user
--

CREATE INDEX django_session_session_key_c0390e0f_like ON public.django_session USING btree (session_key varchar_pattern_ops);


--
-- Name: library_app_book_author_id_e3d6da12; Type: INDEX; Schema: public; Owner: library_user
--

CREATE INDEX library_app_book_author_id_e3d6da12 ON public.library_app_book USING btree (author_id);


--
-- Name: library_app_book_genre_book_id_0d9c49f8; Type: INDEX; Schema: public; Owner: library_user
--

CREATE INDEX library_app_book_genre_book_id_0d9c49f8 ON public.library_app_book_genre USING btree (book_id);


--
-- Name: library_app_book_genre_genre_id_ab1398cf; Type: INDEX; Schema: public; Owner: library_user
--

CREATE INDEX library_app_book_genre_genre_id_ab1398cf ON public.library_app_book_genre USING btree (genre_id);


--
-- Name: library_app_book_isbn_413c3374_like; Type: INDEX; Schema: public; Owner: library_user
--

CREATE INDEX library_app_book_isbn_413c3374_like ON public.library_app_book USING btree (isbn varchar_pattern_ops);


--
-- Name: library_app_borrowing_book_id_bc513c18; Type: INDEX; Schema: public; Owner: library_user
--

CREATE INDEX library_app_borrowing_book_id_bc513c18 ON public.library_app_borrowing USING btree (book_id);


--
-- Name: library_app_genre_name_7e42dffc_like; Type: INDEX; Schema: public; Owner: library_user
--

CREATE INDEX library_app_genre_name_7e42dffc_like ON public.library_app_genre USING btree (name varchar_pattern_ops);


--
-- Name: auth_group_permissions auth_group_permissio_permission_id_84c5c92e_fk_auth_perm; Type: FK CONSTRAINT; Schema: public; Owner: library_user
--

ALTER TABLE ONLY public.auth_group_permissions
    ADD CONSTRAINT auth_group_permissio_permission_id_84c5c92e_fk_auth_perm FOREIGN KEY (permission_id) REFERENCES public.auth_permission(id) DEFERRABLE INITIALLY DEFERRED;


--
-- Name: auth_group_permissions auth_group_permissions_group_id_b120cbf9_fk_auth_group_id; Type: FK CONSTRAINT; Schema: public; Owner: library_user
--

ALTER TABLE ONLY public.auth_group_permissions
    ADD CONSTRAINT auth_group_permissions_group_id_b120cbf9_fk_auth_group_id FOREIGN KEY (group_id) REFERENCES public.auth_group(id) DEFERRABLE INITIALLY DEFERRED;


--
-- Name: auth_permission auth_permission_content_type_id_2f476e4b_fk_django_co; Type: FK CONSTRAINT; Schema: public; Owner: library_user
--

ALTER TABLE ONLY public.auth_permission
    ADD CONSTRAINT auth_permission_content_type_id_2f476e4b_fk_django_co FOREIGN KEY (content_type_id) REFERENCES public.django_content_type(id) DEFERRABLE INITIALLY DEFERRED;


--
-- Name: auth_user_groups auth_user_groups_group_id_97559544_fk_auth_group_id; Type: FK CONSTRAINT; Schema: public; Owner: library_user
--

ALTER TABLE ONLY public.auth_user_groups
    ADD CONSTRAINT auth_user_groups_group_id_97559544_fk_auth_group_id FOREIGN KEY (group_id) REFERENCES public.auth_group(id) DEFERRABLE INITIALLY DEFERRED;


--
-- Name: auth_user_groups auth_user_groups_user_id_6a12ed8b_fk_auth_user_id; Type: FK CONSTRAINT; Schema: public; Owner: library_user
--

ALTER TABLE ONLY public.auth_user_groups
    ADD CONSTRAINT auth_user_groups_user_id_6a12ed8b_fk_auth_user_id FOREIGN KEY (user_id) REFERENCES public.auth_user(id) DEFERRABLE INITIALLY DEFERRED;


--
-- Name: auth_user_user_permissions auth_user_user_permi_permission_id_1fbb5f2c_fk_auth_perm; Type: FK CONSTRAINT; Schema: public; Owner: library_user
--

ALTER TABLE ONLY public.auth_user_user_permissions
    ADD CONSTRAINT auth_user_user_permi_permission_id_1fbb5f2c_fk_auth_perm FOREIGN KEY (permission_id) REFERENCES public.auth_permission(id) DEFERRABLE INITIALLY DEFERRED;


--
-- Name: auth_user_user_permissions auth_user_user_permissions_user_id_a95ead1b_fk_auth_user_id; Type: FK CONSTRAINT; Schema: public; Owner: library_user
--

ALTER TABLE ONLY public.auth_user_user_permissions
    ADD CONSTRAINT auth_user_user_permissions_user_id_a95ead1b_fk_auth_user_id FOREIGN KEY (user_id) REFERENCES public.auth_user(id) DEFERRABLE INITIALLY DEFERRED;


--
-- Name: django_admin_log django_admin_log_content_type_id_c4bce8eb_fk_django_co; Type: FK CONSTRAINT; Schema: public; Owner: library_user
--

ALTER TABLE ONLY public.django_admin_log
    ADD CONSTRAINT django_admin_log_content_type_id_c4bce8eb_fk_django_co FOREIGN KEY (content_type_id) REFERENCES public.django_content_type(id) DEFERRABLE INITIALLY DEFERRED;


--
-- Name: django_admin_log django_admin_log_user_id_c564eba6_fk_auth_user_id; Type: FK CONSTRAINT; Schema: public; Owner: library_user
--

ALTER TABLE ONLY public.django_admin_log
    ADD CONSTRAINT django_admin_log_user_id_c564eba6_fk_auth_user_id FOREIGN KEY (user_id) REFERENCES public.auth_user(id) DEFERRABLE INITIALLY DEFERRED;


--
-- Name: library_app_book library_app_book_author_id_e3d6da12_fk_library_app_author_id; Type: FK CONSTRAINT; Schema: public; Owner: library_user
--

ALTER TABLE ONLY public.library_app_book
    ADD CONSTRAINT library_app_book_author_id_e3d6da12_fk_library_app_author_id FOREIGN KEY (author_id) REFERENCES public.library_app_author(id) DEFERRABLE INITIALLY DEFERRED;


--
-- Name: library_app_book_genre library_app_book_gen_genre_id_ab1398cf_fk_library_a; Type: FK CONSTRAINT; Schema: public; Owner: library_user
--

ALTER TABLE ONLY public.library_app_book_genre
    ADD CONSTRAINT library_app_book_gen_genre_id_ab1398cf_fk_library_a FOREIGN KEY (genre_id) REFERENCES public.library_app_genre(id) DEFERRABLE INITIALLY DEFERRED;


--
-- Name: library_app_book_genre library_app_book_genre_book_id_0d9c49f8_fk_library_app_book_id; Type: FK CONSTRAINT; Schema: public; Owner: library_user
--

ALTER TABLE ONLY public.library_app_book_genre
    ADD CONSTRAINT library_app_book_genre_book_id_0d9c49f8_fk_library_app_book_id FOREIGN KEY (book_id) REFERENCES public.library_app_book(id) DEFERRABLE INITIALLY DEFERRED;


--
-- Name: library_app_borrowing library_app_borrowing_book_id_bc513c18_fk_library_app_book_id; Type: FK CONSTRAINT; Schema: public; Owner: library_user
--

ALTER TABLE ONLY public.library_app_borrowing
    ADD CONSTRAINT library_app_borrowing_book_id_bc513c18_fk_library_app_book_id FOREIGN KEY (book_id) REFERENCES public.library_app_book(id) DEFERRABLE INITIALLY DEFERRED;


--
-- PostgreSQL database dump complete
--

\unrestrict d9gg2VPOabh8ur4l1aFGVqb1xppMGnEis3OMiXyT5v2k2NGasvil3ACyF9lVEYX

